RAS-ChIP,RAS-ChIP,MEF-ChIP,MEF-ChIP,ChIP-common,ChIP-common,ChIP-common
TSS,non-TSS,TSS-3fold,non-TSS-3fold,All,TSS,non-TSS
0610009B22Rik,0610010F05Rik,0610007P14Rik,0610012H03Rik,1110002L01Rik,1110002L01Rik,1500009L16Rik
0610009O20Rik,1110004F10Rik,0610009D07Rik,1110007C09Rik,1110037F02Rik,1300018J18Rik,1700020N01Rik
1110001A16Rik,1110008E08Rik,0610012G03Rik,1110015O18Rik,1300018J18Rik,2410002F23Rik,1700025G04Rik
1110002L01Rik,1110017D15Rik,0610037L13Rik,1110067D22Rik,1500009L16Rik,2610301G19Rik,1700112E06Rik
1110008F13Rik,1110032F04Rik,0910001L09Rik,1300014I06Rik,1700020N01Rik,4931406P16Rik,1810013L24Rik
1110032A03Rik,1110037F02Rik,1110001J03Rik,1500009L16Rik,1700025G04Rik,Aaas,2010111I01Rik
1110065P20Rik,1190007I07Rik,1110002L01Rik,1600002D24Rik,1700029J07Rik,Acbd5,4632415L05Rik
1300018J18Rik,1500002C15Rik,1110003E01Rik,1600012F09Rik,1700052N19Rik,Acbd6,4632428N05Rik
1700019D03Rik,1500009L16Rik,1110037F02Rik,1600014C23Rik,1700112E06Rik,Acn9,4930470P17Rik
1700067K01Rik,1500015O10Rik,1110054O05Rik,1700003G13Rik,1810013L24Rik,Actr3,6430531B16Rik
1700101E01Rik,1500035N22Rik,1190002N15Rik,1700009P17Rik,1810026J23Rik,Adam17,8430427H17Rik
1810024B03Rik,1600002K03Rik,1200011M11Rik,1700011A15Rik,2010111I01Rik,Adrm1,A1bg
1810055G02Rik,1700001K19Rik,1200016B10Rik,1700012B07Rik,2210018M11Rik,Aggf1,A730020M07Rik
2010107G23Rik,1700001O22Rik,1300010F03Rik,1700018A04Rik,2310044G17Rik,Alad,Abca4
2410002F23Rik,1700003H04Rik,1300018J18Rik,1700018B08Rik,2410002F23Rik,Ap1g1,Abcc4
2610020H08Rik,1700003M02Rik,1500001M20Rik,1700019E08Rik,2610301G19Rik,Ap4e1,Abhd2
2610301G19Rik,1700007G11Rik,1500010J02Rik,1700019E19Rik,3010026O09Rik,Arfrp1,Abr
2810021J22Rik,1700008A04Rik,1500015A07Rik,1700020M21Rik,4632415L05Rik,Arhgap28,Actb
3110040N11Rik,1700008P02Rik,1700001G11Rik,1700020N01Rik,4632428N05Rik,Arhgdia,Adam12
4632404H12Rik,1700011E24Rik,1700001G17Rik,1700025G04Rik,4930470P17Rik,Arih2,Adam19
4930550C14Rik,1700011H14Rik,1700008O03Rik,1700027A15Rik,4931406P16Rik,Arl6ip5,Adamts2
4931406P16Rik,1700011L22Rik,1700020O03Rik,1700028M03Rik,4933427E11Rik,Arpc2,Adamts8
4931440P22Rik,1700012A03Rik,1700029J07Rik,1700029G01Rik,6430531B16Rik,Arpc4,Adamts9
4933411K20Rik,1700013F07Rik,1700034P13Rik,1700029H14Rik,8430427H17Rik,Atg16l1,Adamtsl4
4933426M11Rik,1700016C15Rik,1700037C18Rik,1700040L02Rik,A1bg,Atxn2l,Adcy7
Aaas,1700016H13Rik,1700052N19Rik,1700044K03Rik,A730020M07Rik,BC003965,Adcy8
Abcc10,1700019O17Rik,1700084E18Rik,1700045H11Rik,AU019823,Bbip1,Adipor2
Abcd4,1700020N01Rik,1810006K21Rik,1700054N08Rik,Aaas,Bdp1,Adnp
Acbd5,1700020N15Rik,1810014B01Rik,1700056E22Rik,Abca4,Bms1,Adpgk
Acbd6,1700021A07Rik,1810020D17Rik,1700061F12Rik,Abcc4,Brix1,Aff3
Acn9,1700024G13Rik,1810026J23Rik,1700067G17Rik,Abhd2,Ccdc55,Agap1
Actn4,1700025C18Rik,1810048J11Rik,1700073E17Rik,Abr,Ccdc64,Agpat3
Actr3,1700025G04Rik,1810063B07Rik,1700081H04Rik,Acbd5,Cdipt,Ahnak
Acvr1,1700026D08Rik,1810074P20Rik,1700081L11Rik,Acbd6,Cherp,Akap2
Adam17,1700029J07Rik,2010321M09Rik,1700096K18Rik,Acn9,Chmp2a,Akr1d1
Adh7,1700029P11Rik,2210012G02Rik,1700112E06Rik,Actb,Chordc1,Akr7a5
Adprm,1700034H15Rik,2210016F16Rik,1700119H24Rik,Actr2,Cltc,Aldh2
Adrm1,1700036A12Rik,2210018M11Rik,1700123M08Rik,Actr3,Cog2,Alg14
Afmid,1700052N19Rik,2310003L22Rik,1700129C05Rik,Acyp2,Commd5,Alk
Aggf1,1700067P10Rik,2310014H01Rik,1810010D01Rik,Adam12,Cops7a,Ank1
Agl,1700080O16Rik,2310016M24Rik,1810013L24Rik,Adam17,Cops8,Ank3
Ak2,1700086L19Rik,2310021P13Rik,1810053B23Rik,Adam19,Cox16,Ankrd55
Akap10,1700101G07Rik,2310036O22Rik,2010003K11Rik,Adamts2,Cox18,Anks1b
Akap11,1700106J16Rik,2310037I24Rik,2010111I01Rik,Adamts8,Crot,Anxa5
Akap3,1700112E06Rik,2310044G17Rik,2210404J11Rik,Adamts9,Cyb5r4,Arhgef19
Akip1,1700119I11Rik,2310079F23Rik,2300002M23Rik,Adamtsl4,Dclre1b,Arhgef7
Alad,1700120B22Rik,2400003C14Rik,2310022B05Rik,Adcy7,Ddx46,Arid1a
Aldh7a1,1700123L14Rik,2410001C21Rik,2610001J05Rik,Adcy8,Dhps,Arntl
Alkbh4,1700128F08Rik,2410002F23Rik,2610002J02Rik,Adipor2,Dnmt1,Arrdc3
Ang,1810011O10Rik,2410015M20Rik,2610024G14Rik,Adnp,Dph3,Asap1
Ankra2,1810013L24Rik,2410016O06Rik,2610035D17Rik,Adpgk,Dpm1,Asap2
Ankrd13c,1810026J23Rik,2410018M08Rik,2610203C20Rik,Adrm1,Dpy19l3,Asgr1
Ankrd17,1810064F22Rik,2410075B13Rik,2610206C17Rik,Aff3,Eif1ad,Atg10
Ankrd24,2010109I03Rik,2610002I17Rik,2610307P16Rik,Agap1,Eif3f,Atg5
Ano6,2010111I01Rik,2610101N10Rik,2700029M09Rik,Aggf1,Eif4a2,Atl2
Ap1b1,2210018M11Rik,2610301G19Rik,2810433D01Rik,Agpat3,Eif4e2,Atp10a
Ap1g1,2310001K24Rik,2810008D09Rik,2900041M22Rik,Ahnak,Epdr1,Atp1a1
Ap4b1,2310005G13Rik,2810013P06Rik,2900064A13Rik,Ak2,Erlin2,Atp5o
Ap4e1,2310007B03Rik,2810021B07Rik,3110009E18Rik,Akap11,Fam96a,Atp6v1g3
Ap4m1,2310009B15Rik,2810408M09Rik,3110039I08Rik,Akap2,Fanci,Atp8b4
Ap5m1,2310022A10Rik,2810422J05Rik,3300005D01Rik,Akr1d1,Fbxo8,Atxn7l1
Apom,2310044G17Rik,2810422O20Rik,4632415L05Rik,Akr7a5,Fbxw2,Axin2
Aqp3,2310045N01Rik,2900053A13Rik,4632428C04Rik,Alad,Frg1,Azi2
Arcn1,2310061N02Rik,3010026O09Rik,4632428N05Rik,Aldh2,Fubp3,B3gnt2
Arfrp1,2410127L17Rik,3110003A17Rik,4732491K20Rik,Alg14,Gabpb2,B4galt5
Arhgap1,2410131K14Rik,4632411B12Rik,4831426I19Rik,Alk,Galnt10,Bach2
Arhgap1,2510009E07Rik,4732418C07Rik,4921513I03Rik,Alkbh3,Gnai3,Bag3
Arhgap12,2610019F03Rik,4833422C13Rik,4921525O09Rik,Ank1,Gnb2l1,Bahcc1
Arhgap28,2610034B18Rik,4922501C03Rik,4922501C03Rik,Ank3,Gpaa1,Bai1
Arhgdia,2610301B20Rik,4930426L09Rik,4922501L14Rik,Ankra2,Gpatch8,Bcar1
Arid2,2610305D13Rik,4930467E23Rik,4930412B13Rik,Ankrd55,Hirip3,Bcar3
Arid3b,2610528J11Rik,4930507D05Rik,4930423M02Rik,Anks1b,Hmg20a,Bcas1
Arih2,2810474O19Rik,4930578N16Rik,4930429B21Rik,Ano6,Hspe1,Bcl2l1
Arl15,2900011O08Rik,4931406P16Rik,4930433B08Rik,Antxr2,Ifnar1,Bcl7a
Arl6ip5,2900055J20Rik,4933403F05Rik,4930470P17Rik,Anxa5,Ino80c,Bcr
Arpc2,3010026O09Rik,4933407H18Rik,4930473A06Rik,Ap1g1,Ints12,Bend5
Arpc4,3110001I22Rik,4933427E11Rik,4930522O17Rik,Ap4e1,Ippk,Bhlhe23
Asb16,3110047P20Rik,5430405H02Rik,4930539E08Rik,Arfrp1,Isy1,Bmp7
Asxl2,3222401L13Rik,5430437P03Rik,4930542D17Rik,Arhgap12,Jmjd6,Bmpr2
Atf4,3830406C13Rik,5730455O13Rik,4930565D16Rik,Arhgap18,Khdrbs1,Bnc2
Atg16l1,3930402G23Rik,5730494N06Rik,4930567H12Rik,Arhgap28,Klhl18,Bptf
Atg7,4632415L05Rik,5730577I03Rik,4931408A02Rik,Arhgdia,Lnpep,Bre
Atox1,4632428N05Rik,5830415F09Rik,4933402N22Rik,Arhgef19,Lsm2,Btbd9
Atp11a,4632434I11Rik,5830417I10Rik,4933407C03Rik,Arhgef7,Lyrm2,Btd
Atp13a1,4731417B20Rik,6030458C11Rik,4933424B01Rik,Arid1a,Magi2,C130026L21Rik
Atp13a3,4732465J04Rik,6330439K17Rik,4933425H06Rik,Arid3b,Med18,C87436
Atp5c1,4833403I15Rik,6330578E17Rik,4933439F18Rik,Arih2,Med7,Cacnb2
Atxn2,4921513D11Rik,6430527G18Rik,5031414D18Rik,Arl6ip4,Mga,Camk1d
Atxn2l,4921524J17Rik,6720456H20Rik,5033411D12Rik,Arl6ip5,Morn1,Camk2d
Aven,4921524L21Rik,6820431F20Rik,5330426P16Rik,Arntl,Mrpl4,Camta1
B3galt4,4921530L21Rik,8430429K09Rik,5430411K18Rik,Arpc2,Mrpl41,Cap1
B3gnt1,4922502B01Rik,9130011J15Rik,5430421F17Rik,Arpc4,Mrps18b,Capg
BC003965,4922505E12Rik,9330111N05Rik,5430434I15Rik,Arrdc3,Mrps23,Capn8
Bag1,4930408O17Rik,9330151L19Rik,5430435G22Rik,Asap1,Nat10,Capza3
Bag4,4930425F17Rik,9430008C03Rik,5430437J10Rik,Asap2,Ndufa9,Capzb
Baiap2,4930444G20Rik,9430016H08Rik,5730422E09Rik,Asgr1,Ndufaf1,Casq1
Banf1,4930447A16Rik,9430023L20Rik,5830428M24Rik,Atf6,Ndufs3,Ccbe1
Bap1,4930447C04Rik,9930104L06Rik,6030408B16Rik,Atg10,Nip7,Ccnc
Bbip1,4930449E01Rik,A230046K03Rik,6330406I15Rik,Atg16l1,Nme1,Cd28
Bcdin3d,4930452B06Rik,A230108P19Rik,6330512M04Rik,Atg5,Noc3l,Cd9
Bdp1,4930453N24Rik,A430005L14Rik,6430531B16Rik,Atl2,Nosip,Cd97
Bend3,4930470P17Rik,A730008H23Rik,8030442B05Rik,Atp10a,Nrd1,Cdh13
Bloc1s2a,4930503B20Rik,AA474331,8430423G03Rik,Atp1a1,Nsl1,Cdh3
Bloc1s4,4930506M07Rik,AA543186,8430427H17Rik,Atp5o,Nufip2,Cdk13
Bmp4,4930523C07Rik,AI848100,8430437L04Rik,Atp6v1g3,Nup133,Cdk15
Bmp8a,4930533K18Rik,AK010878,9030224M15Rik,Atp8b4,Pdrg1,Cdk17
Bms1,4930533L02Rik,AU019823,9130015L21Rik,Atxn2l,Per2,Cdk6
Boll,4930546C10Rik,AU040320,9330175M20Rik,Atxn7l1,Pfkm,Cdkn1a
Brix1,4930547C10Rik,AU041133,9330179D12Rik,Axin2,Pofut2,Cdkn3
Brk1,4930548G14Rik,Aaas,9430019J16Rik,Azi2,Polm,Chd3
Brms1,4930550L24Rik,Aacs,9430083A17Rik,B3gnt2,Prkab1,Chd9
Btbd11,4930555F03Rik,Abce1,9930013L23Rik,B4galt5,Psen1,Chn2
Bzw1,4930564D02Rik,Abhd1,A130077B15Rik,BC003331,Psma6,Cldn11
C230081A13Rik,4930566N20Rik,Ablim1,A1bg,BC003965,Psmd12,Cldn23
C330018D20Rik,4930569F06Rik,Abtb1,A230001M10Rik,Baalc,Rnps1,Clic5
Cabp1,4930584F24Rik,Acbd5,A230028O05Rik,Bach2,Rpl29,Clnk
Cacna1a,4930596D02Rik,Acbd6,A330023F24Rik,Bag3,Rpl37,Cntnap5a
Cacybp,4931429L15Rik,Accs,A330076C08Rik,Bag6,Rps14,Col14a1
Camkmt,4931429P17Rik,Acd,A430075N02,Bahcc1,Sbno2,Col18a1
Cant1,4931440F15Rik,Acn9,A4galt,Bai1,Sco1,Col4a1
Caprin2,4931440L10Rik,Actb,A530013C23Rik,Baiap2,Secisbp2,Crabp1
Car14,4932411E22Rik,Actr2,A630055G03Rik,Bbip1,Setx,Creb3l1
Casc4,4932442E05Rik,Actr3,A730015I17,Bcar1,Sf3a3,Creb5
Caskin2,4933400A11Rik,Actr6,A730020M07Rik,Bcar3,Sf3b2,Ctdspl
Casq2,4933402J07Rik,Acyp2,A730043L09,Bcas1,Sfswap,Ctif
Ccdc151,4933406P04Rik,Adam17,A730056A06Rik,Bcl2l1,Shc1,Cttn
Ccdc47,4933412E24Rik,Adamtsl2,A830082K12Rik,Bcl7a,Slc33a1,Cubn
Ccdc55,4933416C03Rik,Adat2,A930017M01Rik,Bcl7b,Slc6a6,Cux1
Ccdc64,4933427D06Rik,Adrm1,AI197445,Bcr,Slc9a8,Cwh43
Ccdc88a,4933427E11Rik,Agfg2,AI480653,Bdp1,Snrnp200,Cxadr
Ccdc9,4933434I20Rik,Aggf1,AI593442,Bend5,Snx11,Cxcr4
Ccm2,4933440N22Rik,Agpat2,AI837181,Bfar,Spag9,Cxcr7
Ccrn4l,5031425E22Rik,Ahsa1,AU023762,Bhlhe23,Spata17,Cxxc4
Cd37,5330417H12Rik,Alad,AV051173,Birc6,Spred2,Cxxc5
Cdc34,5430427O19Rik,Alkbh3,Aatk,Bmp7,Spry2,Cyp7b1
Cdc42bpa,5530401A14Rik,Alkbh5,Abca4,Bmpr2,Spty2d1,D19Bwg1357e
Cdc42ep4,5730507C01Rik,Amdhd2,Abcb1a,Bms1,Ssbp4,D7Ertd443e
Cdipt,5730522E02Rik,Amn1,Abcc1,Bnc2,Stam2,Dab2
Cdk11b,5930422O12Rik,Amz2,Abcc4,Bptf,Stk16,Dact1
Cdk12,6030452D12Rik,Anapc13,Abhd2,Bre,Stk4,Dbc1
Cdk12,6330403L08Rik,Anapc4,Abl1,Brix1,Sumo1,Dcbld2
Cdk5rap1,6430531B16Rik,Ank3,Abr,Btbd11,Surf6,Dcun1d3
Cdkl3,6430573F11Rik,Antxr2,Acacb,Btbd19,Tars2,Ddc
Cdkn2aip,8030423J24Rik,Anxa5,Accn1,Btbd9,Tbpl1,Dfna5
Cecr2,8430427H17Rik,Aox1,Acot11,Btd,Tfb2m,Dlgap1
Cep104,9030619P08Rik,Ap1g1,Acpl2,Btrc,Thumpd3,Dlgap2
Cep44,9130011E15Rik,Ap1m1,Acpt,C130026L21Rik,Tmem9b,Dock1
Cep95,9130204L05Rik,Ap4e1,Actb,C87436,Tnfaip3,Dock5
Chaf1b,9130230L23Rik,Apbb2,Acvr2b,Cacna1a,Trappc9,Dock8
Champ1,9230109A22Rik,Aplf,Adam11,Cacnb2,Trim44,Dok5
Chd7,9330101J02Rik,Arf4,Adam12,Calm1,Trim68,Dpf1
Cherp,9430038I01Rik,Arfip1,Adam19,Calm2,Trmt112,Dpt
Chmp2a,9530068E07Rik,Arfrp1,Adam22,Camk1d,Trmt2a,Drd1a
Chordc1,9630014M24Rik,Arhgap28,Adamts14,Camk2b,Trp53rk,Dsc1
Chrm1,9830107B12Rik,Arhgap31,Adamts16,Camk2d,Tsnax,Dse
Chrna9,A130050O07Rik,Arhgdia,Adamts2,Camta1,Tufm,Dusp5
Cklf,A1bg,Arhgef40,Adamts8,Cap1,Tusc3,Dusp6
Cks1b,A230065N10Rik,Arhgef7,Adamts9,Capg,Ubac2,E2f7
Clptm1l,A230072I06Rik,Arid1a,Adamtsl3,Capn8,Ube2j2,Ebf1
Cltc,A330050F15Rik,Arih2,Adamtsl4,Capza3,Ublcp1,Ece1
Cnpy3,A530021J07Rik,Arl16,Adarb1,Capzb,Ubxn1,Eci2
Cnst,A630091E08Rik,Arl6ip4,Adat2,Casq1,Usp48,Ednra
Cntrob,A730020M07Rik,Arl6ip5,Adcy2,Cbr4,Uspl1,Eea1
Coa5,A730045E13Rik,Armc5,Adcy7,Ccbe1,Utp15,Eef1e1
Cobl,A730061H03Rik,Armc7,Adcy8,Ccdc55,Utp3,Efhc1
Cog2,A830018L16Rik,Arpc2,Adcyap1r1,Ccdc59,Vegfc,Efna5
Cog8,A830080D01Rik,Arpc4,Add1,Ccdc64,Vps52,Egln3
Commd5,A930002H24Rik,Arpc5l,Add2,Ccdc97,Vta1,Eml1
Cops7a,A930004D18Rik,Arv1,Adipor2,Ccl25,Wdr11,Eml6
Cops7b,A930009A15Rik,Asb6,Adnp,Ccnc,Wdr34,En1
Cops8,A930011G23Rik,Atf6,Adpgk,Ccnl1,Wipi2,Enpp3
Cox16,A930018P22Rik,Atf6b,Adra1d,Ccrn4l,Yap1,Epha2
Cox18,A930039A15Rik,Atg16l1,Aff3,Cct4,Zc3h18,Ephb2
Cox6b1,AA386476,Atg2b,Agap1,Cd28,Zfp110,Ephb3
Cpsf4l,AB041803,Atp5d,Agbl1,Cd47,Zfp113,Epn2
Cpsf4l,AI413582,Atp5g2,Agfg2,Cd9,Zfp335,Eps8
Crk,AI846148,Atp6v1d,Agpat3,Cd97,Zfp384,Epsti1
Crlf1,AU018091,Atpbd4,Agr3,Cdh13,Zfp408,Ets2
Crot,AU019823,Atxn2l,Ahcyl1,Cdh23,Zfp64,Ext1
Csgalnact2,AW554918,Aurkaip1,Ahnak,Cdh3,Zfp668,F2rl1
Csnk1a1,AY702102,Azin1,Ahrr,Cdipt,Zfyve20,Fam105a
Ctnna1,Aak1,B3galnt2,Aig1,Cdk13,,Fam107b
Ctnna3,Aamdc,B3gntl1,Airn,Cdk15,,Fam129a
Cyb5b,Aard,B930007M17Rik,Ak2,Cdk17,,Fam3c
Cyb5r4,Aars,B930041F14Rik,Ak5,Cdk6,,Fam50b
Cyb5rl,Aasdh,BC003331,Akap11,Cdk8,,Fam65a
D030056L22Rik,Aasdhppt,BC003965,Akap2,Cdkn1a,,Fam83f
D11Wsu47e,Aatf,BC024659,Akap9,Cdkn3,,Fam92b
D15Ertd621e,Abca1,BC031781,Akr1d1,Cdt1,,Fasl
Dbf4,Abca13,Baalc,Akr7a5,Chchd3,,Fat1
Dclre1b,Abca4,Baat1,Alcam,Chchd5,,Fblim1
Ddx42,Abcb7,Bag6,Aldh2,Chd3,,Fbxo32
Ddx46,Abcc12,Bbip1,Aldoart1,Chd9,,Fbxw11
Ddx5,Abcc4,Bbs12,Alg14,Cherp,,Fermt2
Dennd2c,Abcc5,Bbs4,Alk,Chmp2a,,Fgf1
Dffb,Abcc9,Bcl10,Amotl1,Chmp5,,Fgf2
Dgke,Abcd2,Bcl7b,Ampd3,Chn2,,Fgf9
Dgke,Abcd3,Bdp1,Anapc1,Chordc1,,Fgfr1
Dguok,Abcg8,Bfar,Angpt4,Cldn11,,Fhad1
Dhps,Abhd12b,Birc6,Angptl2,Cldn23,,Flnb
Dmap1,Abhd13,Bloc1s2,Angptl4,Clic5,,Fnbp1
Dmc1,Abhd2,Bms1,Ank1,Clk3,,Fos
Dmtf1,Abi1,Bmyc,Ank3,Clnk,,Foxj2
Dna2,Abi2,Bod1l,Ankra2,Cltc,,Foxk1
Dnahc1,Abi3,Bola2,Ankrd13b,Cntnap5a,,Foxp1
Dnajc10,Abi3bp,Brd2,Ankrd55,Cog2,,Frmd4a
Dnajc14,Abl2,Brix1,Ankrd7,Col14a1,,Fto
Dnajc2,Abo,Btbd19,Anks1b,Col18a1,,Fyb
Dnajc25,Abr,Btrc,Ano1,Col4a1,,Fyn
Dnajc4,Abra,Bud13,Ano6,Commd2,,Fzd7
Dnmt1,Acaa2,C030034I22Rik,Anxa1,Commd5,,Gadd45g
Dnttip1,Acaca,C030039L03Rik,Anxa5,Comt,,Gap43
Dohh,Acad11,C030048B08Rik,Aox4,Cops7a,,Gata6
Dph3,Acap3,C130022K22Rik,Apbb2,Cops7b,,Gclc
Dpm1,Accsl,C1qbp,Apcdd1,Cops8,,Gcnt4
Dppa2,Acly,C330019G07Rik,Aplp2,Cox16,,Ggnbp1
Dpy19l3,Aco1,C430048L16Rik,Apob,Cox18,,Ggta1
E2f4,Acox3,C920021L13Rik,Aqp11,Crabp1,,Ghr
Eaf1,Acpp,Calm1,Aqp2,Creb3l1,,Gja1
Egln1,Acsl1,Calm2,Arfgap3,Creb5,,Gli2
Eif1ad,Acsl5,Calm3,Arhgap12,Crot,,Glrp1
Eif3a,Acss2,Calr3,Arhgap18,Csnk1a1,,Glt28d2
Eif3f,Actb,Calu,Arhgap22,Cstf2t,,Gm12216
Eif4a1,Actl6a,Camk2b,Arhgap24,Ctdspl,,Gm13011
Eif4a2,Actn2,Camsap1,Arhgap28,Ctif,,Gm5148
Eif4a3,Actr2,Cap1,Arhgef10,Cttn,,Gm5506
Eif4e2,Actrt2,Capn10,Arhgef19,Cubn,,Gm9897
Elovl6,Actrt3,Capns1,Arhgef37,Cux1,,Gna12
Emc4,Acvr2a,Capza1,Arhgef7,Cwh43,,Gng2
Enc1,Acyp2,Card9,Arid1a,Cxadr,,Gpc6
Eno1,Adad2,Casc1,Arid3a,Cxcr4,,Gpr124
Epdr1,Adam10,Cast,Arid3b,Cxcr7,,Gpr84
Epn1,Adam12,Cblb,Arid5a,Cxxc4,,Gprc5a
Erbb2,Adam19,Cbr4,Arl4a,Cxxc5,,Gramd3
Erlin2,Adam2,Cbwd1,Armc9,Cyb5b,,Gramd4
Esam,Adam23,Cc2d1a,Arntl,Cyb5r3,,Grasp
Espn,Adam24,Cc2d1b,Arrdc3,Cyb5r4,,Grip1
Etnk1,Adam25,Ccdc126,Arsi,Cyp7b1,,Gtf3c5
Etv1,Adam26b,Ccdc13,Asap1,D15Ertd621e,,Haao
Etv5,Adam32,Ccdc142,Asap2,D19Bwg1357e,,Hand1
Etv6,Adam9,Ccdc15,Asb13,D7Ertd443e,,Hbegf
Exoc3l,Adamts15,Ccdc150,Asb5,Dab2,,Heatr6
Exoc7,Adamts18,Ccdc162,Asb7,Dact1,,Hecw2
Exosc4,Adamts2,Ccdc18,Asgr1,Dbc1,,Hes1
Extl3,Adamts3,Ccdc45,Aspscr1,Dcbld2,,Hmga2
Eya1,Adamts7,Ccdc55,Ass1,Dclre1b,,Hpgd
Eya3,Adamts8,Ccdc59,Astn1,Dcp1a,,Hs3st5
Fam104a,Adamts9,Ccdc64,Atg10,Dcun1d3,,Hs6st1
Fam126b,Adamtsl1,Ccdc90b,Atg5,Ddc,,Hspa4
Fam189a2,Adamtsl4,Ccdc94,Atl2,Ddx19b,,Htr1f
Fam195b,Adap1,Ccl25,Atoh8,Ddx31,,Htra3
Fam20a,Adar,Ccnc,Atp10a,Ddx46,,Ifng
Fam32a,Adarb2,Ccnl1,Atp1a1,Depdc1b,,Igf1r
Fam81a,Adc,Ccny,Atp1a3,Derl1,,Igf2bp2
Fam83e,Adcy1,Cct3,Atp2c2,Dfna5,,Il15
Fam96a,Adcy3,Cct4,Atp5h,Dhps,,Il17rd
Fancd2os,Adcy7,Cd276,Atp5o,Dhrs9,,Il1rap
Fanci,Adcy8,Cd47,Atp6v1g1,Dlgap1,,Il33
Farsb,Adcy9,Cdca5,Atp6v1g3,Dlgap2,,Immp2l
Fbxl14,Adipoq,Cdh23,Atp8b1,Dnajc18,,Inhbb
Fbxl17,Adipor1,Cdipt,Atp8b4,Dnajc24,,Ino80d
Fbxo15,Adipor2,Cdk10,Atrnl1,Dnm2,,Inpp5f
Fbxo36,Adk,Cdk7,Atxn7l1,Dnmt1,,Insig1
Fbxo36,Adnp,Cdk8,Axin2,Dock1,,Iqck
Fbxo8,Adnp2,Cdt1,Axl,Dock4,,Iqgap1
Fbxw2,Adora2b,Cenpl,Azi2,Dock5,,Irak2
Fdxacb1,Adpgk,Cenpw,B230208H11Rik,Dock8,,Irf1
Fgfbp1,Adprh,Chchd3,B3gnt2,Dok5,,Irs2
Fgfbp1,Adra2a,Chchd5,B4galt5,Dpf1,,Irx3
Fig4,Adrb2,Cherp,BC022687,Dph3,,Itgb5
Fkbp8,Adrb3,Chid1,BC024582,Dpm1,,Itgb6
Flii,Adrbk2,Chmp2a,BC030307,Dpp8,,Jak1
Flot2,Aebp2,Chmp5,BC088983,Dpt,,Jdp2
Fra10ac1,Aen,Chordc1,BC100451,Dpy19l3,,Jmjd4
Frg1,Afap1,Chst2,Bace1,Drd1a,,Jun
Fubp3,Aff1,Clasp1,Bach2,Dsc1,,Kalrn
Fubp3,Aff3,Clcn4-2,Bad,Dse,,Kazn
Fut8,Aff4,Cldnd2,Bag3,Dtwd1,,Kcna5
Fuz,Agap1,Clk3,Bahcc1,Dusp5,,Kcnb1
G3bp2,Agap3,Clpp,Bai1,Dusp6,,Kcnip4
Gabpa,Agfg1,Cltc,Baiap2,Dync1i1,,Kcnj2
Gabpb2,Agk,Cmtm6,Banp,Dync1i2,,Kcnk2
Gal3st3,Agpat3,Cog2,Bax,E2f7,,Kdm5a
Galnt10,Agpat4,Commd2,Bbox1,Eaf1,,Kif26b
Gbp5,Agpat5,Commd5,Bbs5,Ebf1,,Kirrel
Gen1,Agpat9,Comt,Bcar1,Ece1,,Kirrel3
Gin1,Agps,Cops2,Bcar3,Eci2,,Kitl
Gjc1,Agtpbp1,Cops4,Bcas1,Ednra,,Klf12
Glb1l,Agtrap,Cops7a,Bckdhb,Eea1,,Klf13
Gltp,Ahcy,Cops8,Bcl11b,Eef1e1,,Klf4
Glyr1,Ahdc1,Coq3,Bcl2,Efhc1,,Klhdc8a
Gm10094,Ahi1,Cox16,Bcl2l1,Efna5,,Klhl29
Gm10094,Ahnak,Cox18,Bcl7a,Egln3,,Kpna2
Gm10146,Ahr,Cox5a,Bcr,Ehmt1,,Ktn1
Gm11563,Ahsa2,Cox7a2,Bend5,Eif1ad,,Lactb
Gm16253,Aim1,Cox7c,Bgn,Eif3f,,Lamc1
Gm16515,Ajuba,Cpox,Bhlhe23,Eif4a2,,Lbr
Gm20390,Ak3,Cpsf1,Bhlhe40,Eif4e2,,Lclat1
Gm20503,Ak4,Cpsf2,Bicd1,Elf2,,Lef1
Gm5447,Ak7,Crkl,Blm,Eml1,,Lgi2
Gm5617,Akap12,Crot,Bmp7,Eml6,,Lhfpl2
Gm6970,Akap2,Crtc2,Bmpr2,En1,,Lhx4
Gm9776,Akap6,Cryzl1,Bnc1,Enc1,,Lifr
Gm9925,Akap7,Cse1l,Bnc2,Enpp3,,Lmcd1
Gm9958,Akna,Cstf1,Bod1l,Epdr1,,Loxl1
Gnai3,Akr1b3,Cstf2t,Bptf,Epha2,,Lpin1
Gnb2l1,Akr1b8,Cstf3,Bre,Ephb2,,Lrig1
Gpaa1,Akr1cl,Ctu1,Bsn,Ephb3,,Lrrc8c
Gpatch2,Akr1d1,Cyb561d2,Btbd11,Epn2,,Lrrc8d
Gpatch8,Akr7a5,Cyb5r3,Btbd16,Eps8,,Lrrfip1
Gpr160,Akt2,Cyb5r4,Btbd9,Epsti1,,Lrrk2
Grhl2,Akt3,Cyp46a1,Btd,Ercc4,,Lypd6b
Gstcd,Aktip,D10Wsu102e,Btg1,Erich1,,Maf
Gtf2h1,Aldh1b1,D10Wsu52e,C130026L21Rik,Erlin2,,Magi1
Gtf3c4,Aldh1l1,D130017N08Rik,C1rl,Espn,,Malt1
Gtpbp4,Aldh2,D16H22S680E,C87436,Ets2,,Maml3
Has3,Aldh3a1,D19Wsu162e,Cacna1a,Etv1,,Manba
Hdac7,Aldh3a2,Daam2,Cacna1c,Etv6,,Map2k3
Hells,Aldh9a1,Dab2,Cacna2d3,Ext1,,Map2k6
Herc4,Aldoart2,Dcaf12,Cacnb2,Extl3,,Map3k5
Hes2,Alg14,Dclre1b,Caln1,F2rl1,,Map3k7
Hhla1,Alk,Dcp1a,Camk1d,Fam105a,,Map4k3
Hibch,Alkbh3,Dctn5,Camk2d,Fam107b,,Mapkbp1
Hirip3,Alox5,Dcun1d5,Camk2n1,Fam129a,,Mast4
Hist1h2al,Alpk2,Ddit3,Camta1,Fam168a,,Mat2b
Hist1h2bp,Alpl,Ddx10,Cap1,Fam3c,,Max
Hist1h3i,Alppl2,Ddx18,Capg,Fam50b,,Mbd2
Hjurp,Alyref2,Ddx19b,Capn5,Fam63a,,Mbnl1
Hmg20a,Amd2,Ddx21,Capn8,Fam65a,,Mcc
Hs3st3b1,Amfr,Ddx23,Capza3,Fam83f,,Mctp2
Hspd1,Amigo2,Ddx31,Capzb,Fam92b,,Med13l
Hspe1,Amph,Ddx39b,Casq1,Fam96a,,Mical2
Ifnar1,Amy2a5,Ddx46,Cbara1,Fanci,,Mos
Igf2bp1,Amz1,Ddx50,Cbfa2t3,Fasl,,Mrpl1
Ikbkb,Anapc10,Ddx55,Ccbe1,Fat1,,Mrto4
Il34,Anapc15-ps,Ddx56,Ccdc102a,Fblim1,,Msl3l2
Impact,Anapc7,Depdc1b,Ccdc109a,Fbxl17,,Msra
Ing4,Ank,Derl1,Ccdc111,Fbxo22,,Msx1
Ino80c,Ank1,Dhps,Ccdc121,Fbxo32,,Msx2
Ino80e,Ank2,Dhrs7b,Ccdc162,Fbxo8,,Mta3
Ints12,Ank3,Dhrs9,Ccdc33,Fbxw11,,Myh9
Ippk,Ankfn1,Dhx30,Ccdc85c,Fbxw2,,Mylip
Irf2bp2,Ankle2,Dhx33,Ccdc88b,Fbxw7,,Myo16
Ist1,Ankrd1,Dhx38,Ccdc97,Fermt2,,Myo1b
Isx,Ankrd10,Dlat,Ccl1,Fgf1,,Myo1e
Isy1,Ankrd28,Dlst,Ccl2,Fgf15,,Nacc2
Itga3,Ankrd33b,Dnajb12,Ccl20,Fgf2,,Ncald
Itgav,Ankrd36,Dnajc17,Ccl8,Fgf9,,Ncam1
Itpk1,Ankrd44,Dnajc18,Ccnc,Fgfbp1,,Nck2
Itpk1,Ankrd45,Dnajc24,Ccrn4l,Fgfr1,,Ncor2
Jam2,Ankrd50,Dnajc30,Cd28,Fhad1,,Ndfip1
Jarid2,Ankrd55,Dnm1l,Cd300c,Fig4,,Nedd4
Jhdm1d,Ankrd6,Dnm2,Cd9,Flnb,,Nell1
Jmjd6,Anks1,Dnmt1,Cd97,Flrt3,,Nfatc2
Kat7,Anks1b,Dock4,Cda,Fnbp1,,Nfib
Kbtbd4,Anln,Dph3,Cdc45,Fos,,Ngly1
Kcnab3,Ano2,Dpm1,Cdc5l,Foxj2,,Nhsl1
Kcnu1,Ano4,Dpm2,Cdc7,Foxk1,,Nr1d1
Kctd18,Ano8,Dpp8,Cdcp1,Foxp1,,Nr5a2
Kctd5,Anpep,Dpy19l3,Cdh13,Frg1,,Nrg1
Kdm1a,Antxr2,Dscr3,Cdh3,Frmd4a,,Nrp1
Khdrbs1,Anxa2,Dtwd1,Cdh5,Fto,,Ntm
Kif9,Anxa5,Dtymk,Cdk13,Fubp3,,Nudt4
Kifc3,Anxa6,Dus3l,Cdk15,Fyb,,Ofcc1
Kin,Anxa9,Dusp11,Cdk17,Fyn,,Oit1
Klf2,Aoah,Dync1i1,Cdk3-ps,Fzd7,,Olfr750
Klf7,Aox3l1,Dync1i2,Cdk6,Gabpb1,,Opa1
Klhl18,Ap1s1,Ecd,Cdkn1a,Gabpb2,,Osbpl3
Krr1,Ap2b1,Edc4,Cdkn2aipnl,Gadd45g,,Osmr
Kxd1,Ap3b1,Eef1b2,Cdkn3,Galnt10,,Otud7a
L3mbtl2,Ap3s1,Ehd3,Cdon,Gap43,,Oxr1
Lemd3,Ap3s2,Ehmt1,Cep152,Gar1,,P4ha1
Leprotl1,Apaf1,Eif1ad,Cep250,Gata6,,Palld
Lhx1,Apba3,Eif2a,Cflar,Gclc,,Pappa
Lig4,Apc,Eif2b1,Chd3,Gcnt4,,Pard3
Llph,Apc2,Eif3c,Chd5,Ggnbp1,,Parvb
Lnpep,Apln,Eif3d,Chd9,Ggta1,,Pcdh1
Lpp,Apoa2,Eif3f,Chit1,Ghr,,Pde4d
Lrrc2,Apod,Eif3i,Chn2,Gja1,,Pdgfa
Lrrc46,Apol7a,Eif4a2,Chst1,Gli2,,Pdzrn3
Lrrn2,Apon,Eif4e2,Chst11,Glrp1,,Pecr
Lrwd1,Appl2,Elf2,Cirbp,Glt28d2,,Pgrmc2
Lsm1,Arap3,Emg1,Clca5,Gltp,,Phf20
Lsm2,Arfgef1,Eml6,Clcn1,Gm12216,,Phf21a
Lsm7,Arg1,Emp3,Cldn1,Gm13011,,Phlda1
Lyl1,Arglu1,Ep400,Cldn11,Gm5148,,Pim1
Lyrm2,Arhgap21,Epdr1,Cldn23,Gm5506,,Pkd1l2
Magi2,Arhgap26,Ercc1,Clec10a,Gm9897,,Pkp4
Mak16,Arhgap27,Ercc4,Clic5,Gna12,,Plau
Malsu1,Arhgap29,Ergic3,Clip1,Gnai3,,Plcl1
Map1s,Arhgap32,Eri1,Clnk,Gnb2l1,,Plekhb2
Map1s,Arhgap42,Erich1,Clstn2,Gne,,Plxna1
Mapk1ip1l,Arhgef1,Erlin2,Cmah,Gng2,,Pmp22
11-Mar,Arhgef10l,Esyt2,Cmklr1,Golim4,,Poc1b
Mark2,Arhgef18,Etohd2,Cmtm6,Gorasp2,,Pomc
Mbtps2,Arhgef19,Exoc2,Cnksr3,Gpaa1,,Ppm1e
Med18,Arhgef2,Exoc3,Cntnap5a,Gpatch8,,Ppm1l
Med25,Arhgef28,Exosc1,Col14a1,Gpc6,,Ppp1r9a
Med7,Arhgef3,Exosc3,Col15a1,Gpd2,,Ppp2r4
Med8,Arhgef7,Fam110a,Col16a1,Gpr124,,Prickle1
Mettl25,Arid1a,Fam113a,Col18a1,Gpr84,,Prickle2
Mettl6,Arid1b,Fam120b,Col19a1,Gprc5a,,Prkag2
Mga,Arid4a,Fam168a,Col1a1,Gramd3,,Prkce
Micall1,Arid4b,Fam175a,Col27a1,Gramd4,,Prkd1
Mkx,Arid5b,Fam203a,Col4a1,Grasp,,Psat1
Mlec,Arl13a,Fam3c,Col5a1,Grcc10,,Psmd7
Mll1,Arl14ep,Fam63a,Col5a3,Grip1,,Pstpip1
Mllt6,Arl14epl,Fam82b,Col6a3,Gstt2,,Ptges
Mmgt2,Arl3,Fam96a,Copb1,Gtf2f2,,Ptgs1
Mms19,Arl4c,Fanci,Cops7b,Gtf3c5,,Ptk2
Mob2,Arl4d,Fap,Cops8,H13,,Ptma
Mob4,Arl5b,Farsa,Coro2b,H2-Q10,,Ptp4a2
Mocs3,Arl6,Fbf1,Cotl1,Haao,,Ptpn12
Mon1b,Arl6ip4,Fbxl19,Cpn2,Hadh,,Ptpn13
Morc3,Armc1,Fbxo22,Crabp1,Hand1,,Ptpn22
Morn1,Armc2,Fbxo8,Creb3l1,Hbegf,,Ptpn3
Mrpl10,Arntl,Fbxw2,Creb3l2,Hdac7,,Ptprg
Mrpl37,Arpp21,Fbxw7,Creb5,Heatr6,,Ptprn2
Mrpl4,Arrdc2,Fbxw8,Crhbp,Hecw2,,Ptrf
Mrpl41,Arrdc3,Fcf1,Crim1,Hes1,,Pvrl1
Mrps18b,Arrdc4,Fcrlb,Crlf2,Hirip3,,Pvrl3
Mrps23,Arsj,Fdxr,Cs,Hmg20a,,Rab17
Mta2,Arxes2,Fgf15,Csda,Hmga2,,Rab4a
Mtmr12,Asah2,Fkbp15,Csf1,Hnrpll,,Rac2
Mttp,Asap1,Fkbp1a,Csf2,Hpgd,,Rap1gap2
Mtx2,Asap2,Flrt3,Csnk1a1,Hps5,,Rasa2
Mvp,Asb4,Foxred2,Cspg4,Hs3st5,,Rassf2
Mybl2,Ascc1,Fpgt,Ctdspl,Hs6st1,,Rbfox1
Mycn,Asf1a,Frg1,Ctgf,Hspa4,,Rbl1
Myo19,Asgr1,Frmd4a,Ctif,Hspa9,,Rbm20
Myo5a,Asgr2,Fubp3,Ctnnd1,Hspe1,,Rbms3
Myrf,Asic2,Gabpb1,Ctso,Htr1f,,Rbpj
Mzf1,Asns,Gabpb2,Cttn,Htra3,,Rbpms
N4bp1,Asph,Galm,Cttnbp2nl,Hus1,,Reep3
Naf1,Astn2,Galnt10,Cubn,Ier2,,Rell1
Nanog,Atad2b,Gan,Cuedc1,Ifnar1,,Rgl1
Nanos1,Atad5,Gar1,Cux1,Ifng,,Rgs3
Nat10,Atf1,Gas2,Cwh43,Ifrd2,,Ripk2
Ndufa9,Atf3,Gfm1,Cxadr,Igf1r,,Rnf152
Ndufaf1,Atf6,Gfpt1,Cxcl12,Igf2bp2,,Rnf182
Ndufb5,Atf7ip,Gjb5,Cxcl14,Il15,,Robo1
Ndufs3,Atg10,Gle1,Cxcl5,Il17rd,,Rora
Nf1,Atg4c,Gli3,Cxcr4,Il1rap,,Rpap3
Nfe2l2,Atg5,Glt28d2,Cxcr7,Il33,,Rpl14
Nip7,Atl2,Glt8d2,Cxxc4,Immp2l,,Rpn1
Nlrc4,Atoh1,Gm10433,Cxxc5,Inhbb,,Rps24
Nlrp10,Atoh7,Gm14005,Cyb5b,Ino80c,,Rps6ka1
Nmd3,Atp10a,Gm16023,Cyfip2,Ino80d,,Rptor
Nme1,Atp11b,Gm16119,Cyp7b1,Inpp5f,,Rtkn2
Noc3l,Atp11c,Gm16532,D0H4S114,Insig1,,Rufy1
Nom1,Atp13a4,Gm17762,D15Ertd621e,Ints12,,Runx1
Nosip,Atp13a5,Gm17769,D17Wsu92e,Ipo8,,Rybp
Npepps,Atp1a1,Gm19619,D19Bwg1357e,Ippk,,S100a10
Nrd1,Atp1b1,Gm4532,D330050G23Rik,Iqck,,Scd2
Nrp2,Atp1b3,Gm5129,D3Bwg0562e,Iqgap1,,Schip1
Nsl1,Atp2a2,Gm5595,D5Ertd579e,Irak2,,Sema6d
Nt5c2,Atp2b1,Gm6225,D630045J12Rik,Irf1,,Sema7a
Ntmt1,Atp2c1,Gm6634,D6Mm5e,Irf2bp2,,Serpinh1
Ntn1,Atp5j,Gm7008,D7Ertd443e,Irs2,,Setbp1
Nub1,Atp5l-ps1,Gmfb,Dab2,Irx3,,Sf3b3
Nub1,Atp5o,Gnai3,Dact1,Isy1,,Sgms1
Nub1,Atp6ap1l,Gnb2,Dbc1,Itgav,,Sh3bgrl2
Nucks1,Atp6v0a1,Gnb2l1,Dcaf5,Itgb5,,Sh3bp4
Nudt17,Atp6v0a2,Gne,Dcbld2,Itgb6,,Sh3pxd2a
Nufip2,Atp6v1c1,Gnl2,Dchs1,Jak1,,Sh3pxd2b
Nup133,Atp6v1g3,Gnpat,Dcun1d3,Jam2,,Sh3rf1
Oas2,Atp8a1,Golga7,Ddah1,Jdp2,,Shank2
Ogt,Atp8a2,Golim4,Ddc,Jmjd4,,Shb
Orc4,Atp8b2,Gon4l,Def6,Jmjd6,,Shq1
Osbpl2,Atp8b4,Gorasp1,Dfna5,Jun,,Sik2
Otud7b,Atp8b5,Gorasp2,Dgkd,Kalrn,,Sipa1l3
Oxnad1,Atp9a,Got2,Dhcr7,Kazn,,Skap1
P4hb,Atp9b,Gpaa1,Dhrs3,Kbtbd8,,Slc10a7
Pacrgl,Atpif1,Gpank1,Dip2a,Kcna5,,Slc14a2
Pan3,Atxn1,Gpatch8,Disc1,Kcnb1,,Slc20a2
Panx1,Atxn1l,Gpd2,Dkk2,Kcnip4,,Slc24a2
Parn,Atxn7,Gpr137b,Dlg1,Kcnj2,,Slc24a5
Pcsk7,Atxn7l1,Grcc10,Dlgap1,Kcnk2,,Slc25a13
Pdf,Auts2,Grpel1,Dlgap2,Kdm5a,,Slc25a26
Pdhb,Axin2,Gstt2,Dlk1,Khdrbs1,,Slc39a11
Pdrg1,Azi2,Gt(ROSA)26Sor,Dlx2,Kif26b,,Slc7a14
Pdss1,B130024G19Rik,Gtf2a1,Dlx6os1,Kirrel,,Slc8a1
Pef1,B230217C12Rik,Gtf2b,Dnahc2,Kirrel3,,Slit3
Pelp1,B3galnt1,Gtf2f2,Dnahc7b,Kitl,,Smoc2
Per2,B3gnt2,Gtf3c2,Dnahc8,Klf12,,Smtn
Pfdn1,B3gnt7,Gtpbp2,Dnajb12,Klf13,,Smyd3
Pfkm,B4galnt2,Gtpbp6,Dnajb6,Klf4,,Snai1
Pgap3,B4galt1,Gusb,Dnajc5b,Klhdc8a,,Sncg
Phc1,B4galt5,Gzme,Dner,Klhl18,,Snrnp48
Phf7,B4galt6,H13,Dnm3,Klhl29,,Snx18
Phip,B530045E10Rik,H2-Q10,Dock1,Kpna2,,Socs2
Pih1d2,B9d1,H2afv,Dock3,Ktn1,,Socs3
Pik3ca,BC003331,Habp2,Dock5,Lactb,,Sod3
Pik3r2,BC016423,Hadh,Dock8,Lamc1,,Sorl1
Pip4k2c,BC018507,Haus6,Dok5,Larp7,,Sox9
Plaur,BC025920,Herpud2,Dopey2,Lbr,,Sp4
Plekhg3,BC026590,Hes1,Dpf1,Lclat1,,Sp7
Pmpca,BC027231,Hhat,Dpt,Lef1,,Spats2l
Pofut2,BC030336,Hinfp,Drd1a,Lgi2,,Spesp1
Polm,BC030500,Hirip3,Dsc1,Lhfpl2,,Spink2
Polr2c,BC043934,Hist1h4i,Dse,Lhx4,,Spry4
Polr3a,BC051665,Hk1,Dusp11,Lifr,,St5
Pomp,BC052040,Hmg20a,Dusp5,Lmbr1,,St6gal1
Porcn,BC067074,Hnrnpa2b1,Dusp6,Lmcd1,,Sulf1
Pou2f1,BC096441,Hnrnpab,Dynlrb1,Lnpep,,Susd1
Pou5f1,BC107364,Hnrnpf,Dyrk1a,Loxl1,,Syn3
Pou5f1,Baalc,Hnrnph2,Dysf,Lpin1,,Syne1
Ppap2a,Bach1,Hnrnpul1,E030025P04Rik,Lpp,,Syt9
Pphln1,Bach2,Hnrnpul2,E130304I02Rik,Lrig1,,Tanc1
Ppif,Bag2,Hnrpll,E230029C05Rik,Lrrc28,,Tbc1d1
Ppp1r9b,Bag3,Hps5,E2f7,Lrrc8c,,Tbc1d9
Ppp2cb,Bag6,Hscb,Eaf1,Lrrc8d,,Tbl1xr1
Ppp2r2b,Bahcc1,Hspa14,Eapp,Lrrfip1,,Tbx18
Ppy,Bai1,Hspa1a,Ebf1,Lrrk2,,Tbx4
Pradc1,Bai2,Hspa9,Ece1,Lsm2,,Tcerg1l
Prdx5,Bambi,Hspbap1,Eci2,Lta4h,,Tcf4
Prepl,Banf2,Hspe1,Edem1,Lypd6b,,Tead1
Prkab1,Barhl2,Hus1,Ednra,Lyrm2,,Tec
Prkcsh,Barx2,Ict1,Eea1,Maf,,Tgfb2
Prmt6,Baz2b,Idh3b,Eef1e1,Magi1,,Tgif1
Prorsd1,Bbc3,Ier2,Eef1g,Magi2,,Tha1
Prpf31,Bbs2,Ifnar1,Eefsec,Malt1,,Thbs2
Prpsap1,Bbs9,Ifrd1,Efhc1,Maml3,,Thy1
Psen1,Bbx,Ifrd2,Efna5,Manba,,Tle1
Psma6,Bcan,Il3ra,Efnb2,Map2k3,,Tle3
Psmc1,Bcap29,Ino80c,Egflam,Map2k6,,Tle4
Psmc2,Bcar1,Ints12,Egln3,Map3k5,,Tll1
Psmd12,Bcar3,Invs,Eif2c2,Map3k7,,Tln2
Ptpn11,Bcas1,Ipo8,Eif3h,Map4k3,,Tmbim1
Ptpn6,Bcas2,Ippk,Elavl1,Mapkap1,,Tmem135
Ptrh2,Bcat1,Iqce,Ell2,Mapkbp1,,Tmem161b
Pusl1,Bcat2,Isy1,Eln,Mast4,,Tmem212
Rab11a,Bcl2l1,Itfg1,Emid2,Mat2b,,Tmem229b
Rab2b,Bcl2l11,Itfg2,Eml1,Max,,Tmpo
Rabif,Bcl2l15,Itgb3bp,Eml6,Mbd2,,Tnik
Rac1,Bcl3,Itpr2,En1,Mbnl1,,Tnk2
Rad1,Bcl6,Itpripl2,Enc1,Mcc,,Tnks
Ralgapb,Bcl7a,Ivns1abp,Enpp2,Mcl1,,Tns1
Ranbp1,Bcl7b,Jmjd6,Enpp3,Mctp2,,Tns3
Raph1,Bcl7c,Jph2,Entpd1,Med13l,,Tns4
Rbm27,Bcr,Jun,Epb4.1l1,Med18,,Tomm20
Rbm7,Bdh1,Junb,Epb4.1l2,Med7,,Tox
Reps1,Bdkrb2,Kbtbd8,Epha2,Mef2a,,Tox3
Rer1,Bend5,Kctd11,Ephb2,Meis2,,Tpm1
Rest,Bend6,Kctd17,Ephb3,Mga,,Trib2
Rfesd,Best3,Kdelc1,Epn2,Mical2,,Trim24
Rft1,Bex6,Kdm3a,Eps8,Mis18bp1,,Trio
Rfwd2,Bfar,Kdm5a,Eps8l3,Mkl2,,Trps1
Rfxank,Bhlhb9,Khdrbs1,Epsti1,Morn1,,Tshz2
Rhod,Bhlhe23,Klf16,Erbb4,Mos,,Tspan9
Rif1,Bicc1,Klhl18,Erc2,Mrpl1,,Ttll11
Rif1,Bin1,Klhl20,Ereg,Mrpl12,,Ttll7
Rmnd1,Birc6,LOC100302626,Erg,Mrpl39,,Tulp4
Rnase4,Bmp6,LOC668917,Ergic1,Mrpl4,,Uaca
Rnaseh2b,Bmp7,Large,Eri1,Mrpl41,,Ubash3b
Rnf135,Bmper,Larp7,Ermp1,Mrpl47,,Ubtd1
Rnf168,Bmpr2,Lars,Erp27,Mrps18b,,Ubxn2b
Rnps1,Bnc2,Lcorl,Errfi1,Mrps23,,Ubxn8
Robo4,Boc,Ldha,Espn,Mrps31,,Utrn
Rpap1,Bola3,Leng9,Ets1,Mrto4,,Vcl
Rpl13,Bpgm,Lias,Ets2,Msh2,,Vps8
Rpl26,Bptf,Lin37,Etv1,Msl3l2,,Vti1a
Rpl27,Brd1,Lmbr1,Etv6,Msra,,Wac
Rpl28,Brd3,Lmbrd1,Exoc2,Msx1,,Wdr5
Rpl29,Brd7,Lmna,Ext1,Msx2,,Wsb1
Rpl37,Bre,Lnpep,Extl3,Mta3,,Zc3h12a
Rpl39l,Brip1,Lonp1,F2rl1,Mtbp,,Zeb2
Rpl7l1,Brpf3,Lphn2,Fadd,Mterfd1,,Zfand3
Rps14,Bst1,Lpin3,Fam105a,Mtf2,,Zfp217
Rps15,Bst2,Lrrc57,Fam107b,Mtx2,,Zfp36l2
Rps17,Btaf1,Lrrc59,Fam125b,Mycn,,Zfp518a
Rps18,Btbd10,Lrrc8d,Fam129a,Myh9,,Zfp532
Rps5,Btbd19,Lrrfip1,Fam176a,Myl12a,,Zfp536
Rps7,Btbd3,Lsm10,Fam179b,Mylip,,Zfp608
Rpsa,Btbd9,Lsm2,Fam181a,Myo16,,Zfp703
Rraga,Btd,Lss,Fam189a1,Myo1b,,Zfp90
Rsl1d1,Btnl2,Lta4h,Fam198b,Myo1e,,Zfpm2
Rspry1,Btrc,Ltbp1,Fam19a1,N4bp1,,Zhx2
Rwdd1,Bves,Ltbp3,Fam38b,Nacc2,,Zmiz1
S1pr2,Bysl,Ltn1,Fam3c,Nat10,,Zswim6
Sars,C030037F17Rik,Lyrm2,Fam50b,Ncald,,
Sbno2,C130026L21Rik,M6pr,Fam65a,Ncam1,,
Scd1,C130060K24Rik,Magi2,Fam69c,Nck2,,
Sco1,C1d,Magoh,Fam71a,Ncor2,,
Sdccag3,C1galt1,Malat1,Fam83f,Ndfip1,,
Sdhaf2,C1qtnf3,Mapkap1,Fam92b,Ndufa13,,
Sec14l1,C230052I12Rik,Mapkbp1,Farp1,Ndufa9,,
Sec24a,C2cd2,Mast4,Fasl,Ndufaf1,,
Secisbp2,C2cd5,Mchr1,Fastkd2,Ndufb3,,
Senp1,C330005M16Rik,Mcl1,Fat1,Ndufs3,,
Setd5,C330007P06Rik,Mcm7,Fat4,Nedd4,,
Setd5,C530025M09Rik,Mcpt8,Fblim1,Nell1,,
Setdb1,C77370,Mdc1,Fbln1,Nfatc2,,
Setx,C87436,Mecom,Fbln2,Nfib,,
Sf3a3,C8b,Med17,Fbn1,Ngly1,,
Sf3b2,CN725425,Med18,Fbn2,Nhsl1,,
Sfi1,Cab39,Med4,Fbxl17,Nip7,,
Sfswap,Cables1,Med7,Fbxo21,Nme1,,
Sgpl1,Cabp7,Mef2a,Fbxo28,Noc3l,,
Shc1,Cabyr,Meis2,Fbxo32,Nolc1,,
Slc12a2,Cacna1b,Men1,Fbxw11,Nosip,,
Slc12a4,Cacnb2,Mettl10,Fermt2,Nr1d1,,
Slc12a4,Cacng7,Mettl17,Fert2,Nr5a2,,
Slc15a1,Cacng8,Mettl3,Fez2,Nrd1,,
Slc15a4,Cadm1,Mettl4,Fgf1,Nrg1,,
Slc25a15,Calcb,Mga,Fgf2,Nrp1,,
Slc25a16,Calcoco1,Mgat1,Fgf9,Nsl1,,
Slc33a1,Calcrl,Mical1,Fgfbp1,Ntm,,
Slc39a14,Cald1,Mink1,Fgfr1,Nudcd3,,
Slc39a4,Calm1,Mir1945,Fgfr2,Nudt4,,
Slc39a9,Calm2,Mis12,Fggy,Nudt5,,
Slc44a1,Calm4,Mis18bp1,Fhad1,Nudt6,,
Slc52a3,Camk1d,Mitd1,Fhl3,Nufip1,,
Slc5a1,Camk1g,Mkks,Fhod3,Nufip2,,
Slc6a6,Camk2b,Mkl2,Fig4,Nup133,,
Slc7a7,Camk2d,Mmachc,Fkbpl,Nup54,,
Slc9a8,Camta1,Mnt,Fli1,Obsl1,,
Smcr7,Cand1,Mogat1,Flnb,Ofcc1,,
Snrnp200,Cand2,Morf4l2,Fmnl3,Ogfod1,,
Snx11,Cap1,Morn1,Fmo9,Oit1,,
Snx11,Capg,Mphosph10,Fnbp1,Olfr750,,
Soga3,Capn11,Mpzl3,Fos,Opa1,,
Sord,Capn8,Mrc2,Fosb,Orc5,,
Sox15,Caps2,Mrpl1,Fosl1,Osbpl3,,
Sox30,Capza2,Mrpl11,Foxd1,Osmr,,
Spag9,Capza3,Mrpl12,Foxf1a,Otud7a,,
Spata17,Capzb,Mrpl18,Foxj2,Oxa1l,,
Sphk2,Car10,Mrpl2,Foxk1,Oxr1,,
Spns1,Car2,Mrpl34,Foxl1,P4ha1,,
Spred1,Car7,Mrpl39,Foxn1,Palld,,
Spred1,Car8,Mrpl4,Foxo3,Pappa,,
Spred2,Car9,Mrpl41,Foxp1,Pard3,,
Spry2,Carkd,Mrpl43,Foxs1,Parva,,
Sptlc2,Cars2,Mrpl47,Fpgt,Parvb,,
Spty2d1,Casd1,Mrpl52,Frmd4a,Pcdh1,,
Srp19,Casq1,Mrps18b,Fth1,Pde4d,,
Ssbp1,Casr,Mrps18c,Fto,Pdgfa,,
Ssbp4,Casz1,Mrps23,Fyb,Pdrg1,,
St3gal2,Cblc,Mrps31,Fyn,Pdss2,,
St3gal4,Cbln4,Mrps33,Fzd7,Pdzrn3,,
Stam2,Cbr4,Mrps35,G730013B05Rik,Pecr,,
Stk11ip,Cbx3,Msh2,Gabrb3,Peli1,,
Stk16,Ccar1,Msra,Gadd45g,Per2,,
Stk24,Ccbe1,Msto1,Galk2,Pex12,,
Stk31,Ccdc11,Mtap6,Galnt12,Pfdn1,,
Stk35,Ccdc110,Mtap9,Galnt3,Pfkm,,
Stk38,Ccdc115,Mtbp,Gap43,Pgrmc2,,
Stk4,Ccdc124,Mterfd1,Gas2,Phax,,
Stmn1,Ccdc129,Mtf2,Gas7,Phf20,,
Stmn2,Ccdc130,Mthfr,Gata6,Phf21a,,
Sulf2,Ccdc135,Mtif2,Gclc,Phlda1,,
Sumo1,Ccdc138,Mtmr4,Gcnt4,Pigm,,
Sumo3,Ccdc14,Mtpn,Gcom1,Pim1,,
Supt4a,Ccdc141,Myeov2,Gdf7,Pkd1l2,,
Supt6,Ccdc149,Myg1,Gfra4,Pkp4,,
Surf6,Ccdc152,Myl12a,Ggnbp1,Plau,,
Syncrip,Ccdc160,Myl12b,Ggta1,Plcl1,,
Sypl2,Ccdc170,Myl6b,Ghr,Pld1,,
Szt2,Ccdc172,N4bp2l2,Gja1,Plekhb2,,
Tacc1,Ccdc175,N6amt1,Gli2,Plk1s1,,
Tada3,Ccdc28a,Naca,Gli3,Plxna1,,
Taf7,Ccdc3,Napg,Glipr1,Pmp22,,
Tars2,Ccdc41,Nat10,Glis1,Poc1b,,
Tatdn3,Ccdc43,Ncam1,Glrp1,Pofut2,,
Tatdn3,Ccdc50,Ncapd3,Glt28d2,Polg,,
Tbpl1,Ccdc53,Nceh1,Gltp,Polm,,
Tcf25,Ccdc54,Nck1,Gm10451,Polr2a,,
Tcf3,Ccdc58,Ncln,Gm10638,Pomc,,
Tdgf1,Ccdc59,Ncor2,Gm10639,Pou2f1,,
Tfb2m,Ccdc6,Ndfip2,Gm10941,Ppm1e,,
Tfip11,Ccdc60,Ndufa13,Gm11202,Ppm1l,,
Tfpt,Ccdc68,Ndufa6,Gm11468,Ppp1r15b,,
Tgif2,Ccdc69,Ndufa9,Gm11529,Ppp1r9a,,
Thap7,Ccdc81,Ndufaf1,Gm12034,Ppp1r9b,,
Them4,Ccdc86,Ndufb2,Gm12216,Ppp2r1a,,
Thumpd3,Cckar,Ndufb3,Gm12603,Ppp2r2a,,
Tigd2,Ccl17,Ndufs2,Gm12824,Ppp2r4,,
Timp4,Ccl25,Ndufs3,Gm13003,Prickle1,,
Tjp2,Ccna1,Ndufs7,Gm13011,Prickle2,,
Tk1,Ccnb2,Ndufv1,Gm13807,Prkab1,,
Tk2,Ccnc,Neil1,Gm14005,Prkag2,,
Tln1,Ccnd1,Nfix,Gm1631,Prkce,,
Tmem179b,Ccnd3,Nfkbil1,Gm16432,Prkd1,,
Tmem184c,Ccne1,Nfx1,Gm16880,Psat1,,
Tmem198b,Ccne2,Nip7,Gm16998,Psen1,,
Tmem220,Ccnh,Nkiras1,Gm19276,Psma6,,
Tmem223,Ccnj,Nme1,Gm1968,Psmd12,,
Tmem248,Ccnl1,Nmnat1,Gm20125,Psmd7,,
Tmem30a,Ccr7,Nmt1,Gm2115,Pstpip1,,
Tmem41b,Ccrl1,Noc3l,Gm239,Ptges,,
Tmem59l,Ccs,Nol6,Gm2447,Ptgs1,,
Tmem9b,Ccser1,Nol8,Gm266,Ptk2,,
Tnfaip3,Cct4,Nolc1,Gm2694,Ptma,,
Tpcn2,Cct7,Nop10,Gm3776,Ptp4a2,,
Tpr,Cct8,Nop2,Gm5069,Ptpn12,,
Trappc1,Cct8l1,Nosip,Gm5082,Ptpn13,,
Trappc9,Cd180,Nr1d2,Gm5084,Ptpn22,,
Trh,Cd1d2,Nrd1,Gm5105,Ptpn3,,
Trim25,Cd2,Nsa2,Gm5122,Ptprg,,
Trim35,Cd209d,Nsl1,Gm5148,Ptprn2,,
Trim36,Cd209e,Nsmce1,Gm5431,Ptrf,,
Trim44,Cd209g,Nsun5,Gm5506,Pvrl1,,
Trim44,Cd247,Nt5dc1,Gm5567,Pvrl3,,
Trim68,Cd28,Nubp1,Gm5860,Rab17,,
Trim71,Cd320,Nucb1,Gm597,Rab20,,
Trip12,Cd38,Nudcd1,Gm6260,Rab4a,,
Trmt112,Cd40,Nudcd3,Gm6498,Rac2,,
Trmt2a,Cd44,Nudt5,Gm6936,Rap1gap2,,
Trmt61a,Cd47,Nudt6,Gm8883,Rasa2,,
Trp53rk,Cd59a,Nuf2,Gm9897,Rassf2,,
Trpt1,Cd74,Nufip1,Gna12,Rbfox1,,
Tsen54,Cd83,Nufip2,Gnaq,Rbl1,,
Tsnax,Cd86,Nup133,Gnb5,Rbm18,,
Tspyl1,Cd9,Nup214,Gng11,Rbm20,,
Tssk6,Cd97,Nup54,Gng2,Rbms3,,
Ttc26,Cdadc1,Nup93,Gng7,Rbpj,,
Tubgcp4,Cdan1,Nutf2,Got1l1,Rbpms,,
Tufm,Cdc25a,Obsl1,Gpc6,Rchy1,,
Tusc3,Cdc37l1,Ogfod1,Gpr116,Rcn2,,
Txlng,Cdc42,Opa1,Gpr124,Reep3,,
U2surp,Cdc42ep2,Orc5,Gpr126,Rell1,,
Uba3,Cdc42ep3,Osbpl6,Gpr179,Reps1,,
Uba6,Cdc42se2,Osmr,Gpr84,Rfwd2,,
Ubac2,Cdc73,Oxa1l,Gprc5a,Rfx3,,
Ube2b,Cdca2,Pa2g4,Gramd3,Rgl1,,
Ube2d2a,Cdca7,Pabpc1,Gramd4,Rgs3,,
Ube2e1,Cdca7l,Pafah2,Grasp,Ric8b,,
Ube2f,Cdh12,Pank1,Grem1,Ripk2,,
Ube2j2,Cdh13,Parva,Gria1,Rnf152,,
Ube2q1,Cdh2,Pcdhgc5,Grin2b,Rnf182,,
Ube4a,Cdh20,Pcm1,Grip1,Rnps1,,
Ube4b,Cdh23,Pcna,Gsg1,Robo1,,
Ublcp1,Cdh26,Pcyt1a,Gstp2,Rora,,
Ubn1,Cdh3,Pdap1,Gtf3c5,Rpap3,,
Ubxn1,Cdh4,Pdcd11,Guca2b,Rpf1,,
Uhrf2,Cdk13,Pde4a,Gucy2d,Rpia,,
Unc50,Cdk15,Pdia5,Gucy2g,Rpl14,,
Unkl,Cdk17,Pdrg1,Haao,Rpl29,,
Upp1,Cdk19,Pdss2,Hand1,Rpl37,,
Urb2,Cdk5rap2,Peli1,Hao1,Rpl38,,
Usb1,Cdk6,Pemt,Has2,Rpn1,,
Use1,Cdk8,Per2,Hbegf,Rps14,,
Usf1,Cdk9,Pex11b,Hdac11,Rps24,,
Usp3,Cdkal1,Pex12,Hdac4,Rps6ka1,,
Usp34,Cdkl2,Pfdn5,Hdac7,Rptor,,
Usp48,Cdkl5,Pfkm,Hddc2,Rrm1,,
Uspl1,Cdkn1a,Pgam1,Heatr6,Rtkn2,,
Utp15,Cdkn3,Phactr4,Hecw2,Rufy1,,
Utp3,Cds2,Phax,Herc2,Runx1,,
Vegfc,Cdt1,Pias2,Hes1,Rybp,,
Vegfc,Cdyl,Pigm,Hexim2,S100a10,,
Vezf1,Cdyl2,Pigq,Heyl,Sbno2,,
Vmp1,Ceacam1,Pigt,Hhat,Scaf8,,
Vpreb1,Ceacam10,Pikfyve,Hipk2,Scd2,,
Vps37b,Cecr5,Pkig,Hist1h2bj,Schip1,,
Vps52,Celf1,Plaa,Hivep1,Sco1,,
Vta1,Celf2,Plau,Hivep2,Scyl1,,
Wdr11,Celf4,Pld1,Hivep3,Sec14l1,,
Wdr34,Celsr1,Plec,Hk2,Sec31a,,
Wfdc3,Celsr2,Plk1s1,Hmg20a,Secisbp2,,
Wfdc3,Celsr3,Pofut2,Hmga2,Sema6d,,
Wipf2,Cenpa,Pold3,Hmgb1,Sema7a,,
Wipi2,Cenpo,Pold4,Hnrnpa0,Serpinh1,,
Wnt8a,Cenpv,Pole4,Hpgd,Setbp1,,
Wrap53,Cep112,Polg,Hrct1,Setx,,
Wrnip1,Cep128,Polm,Hrh2,Sf3a3,,
Yap1,Cep170,Polr2a,Hs1bp3,Sf3b2,,
Yipf2,Cep170b,Polr3b,Hs3st5,Sf3b3,,
Ythdf2,Cep19,Polr3d,Hs6st1,Sfswap,,
Ywhaz,Cep55,Polr3f,Hsbp1l1,Sfxn3,,
Zbtb24,Cep57l1,Ppan,Hsf2bp,Sgms1,,
Zbtb37,Cep68,Ppapdc1b,Hspa12a,Sh3bgrl2,,
Zc3h18,Cep70,Ppib,Hspa1b,Sh3bp4,,
Zc3h3,Cep85l,Ppid,Hspa4,Sh3pxd2a,,
Zc3h4,Cerk,Ppih,Htr1b,Sh3pxd2b,,
Zcchc6,Cers4,Ppil3,Htr1f,Sh3rf1,,
Zcrb1,Ces1b,Ppm1k,Htr4,Shank2,,
Zdhhc21,Ces1c,Ppp1r11,Htra1,Shb,,
Zdhhc4,Ces1h,Ppp1r12b,Htra3,Shc1,,
Zfp110,Ces5a,Ppp1r15b,Hydin,Shq1,,
Zfp113,Cfdp1,Ppp1r3c,Hyi,Sik2,,
Zfp191,Cftr,Ppp2r1a,Ibtk,Sipa1l3,,
Zfp219,Cga,Ppp2r2a,Ica1l,Sirt4,,
Zfp276,Cggbp1,Ppp4c,Ier3,Sirt6,,
Zfp292,Cgnl1,Ppwd1,Ier5,Skap1,,
Zfp316,Chchd3,Pqbp1,Iffo2,Skp2,,
Zfp319,Chchd5,Prim1,Ifnb1,Slc10a7,,
Zfp335,Chchd6,Prkab1,Ifng,Slc14a2,,
Zfp36l1,Chd1,Prkce,Igf1r,Slc20a2,,
Zfp384,Chd2,Prkcz,Igf2bp2,Slc24a2,,
Zfp408,Chd3,Prkg2,Igf2bp3,Slc24a5,,
Zfp408,Chd6,Prmt5,Igfbp6,Slc25a13,,
Zfp459,Chd9,Prpf38b,Igfbp7,Slc25a26,,
Zfp473,Chfr,Prpf6,Il12b,Slc25a36,,
Zfp54,Chga,Prr3,Il15,Slc33a1,,
Zfp57,Chic2,Psat1,Il16,Slc35a1,,
Zfp59,Chmp5,Psen1,Il17rd,Slc39a11,,
Zfp64,Chmp6,Psip1,Il1a,Slc39a14,,
Zfp646,Chn1,Psma6,Il1rap,Slc6a6,,
Zfp658,Chn2,Psmb3,Il1rl1,Slc7a14,,
Zfp668,Chodl,Psmc3,Il33,Slc8a1,,
Zfp819,Chrm3,Psmd12,Il4ra,Slc9a8,,
Zfp865,Chrna1,Psmd13,Immp2l,Slit3,,
Zfr,Chrna10,Psmg2,Inf2,Smarca2,,
Zfyve20,Chrna2,Psmg3,Inhbb,Smc5,,
Zgpat,Chrna6,Ptcd2,Ino80d,Smchd1,,
Zic5,Chrna7,Ptgs2,Inpp5a,Smoc2,,
Zkscan6,Chrnb3,Ptpn22,Inpp5f,Smtn,,
Znf512b,Chrnb4,Pxmp3,Insig1,Smu1,,
Zp3,Chst12,Qars,Ints7,Smyd3,,
Zscan10,Chst3,Rab20,Iqca,Snai1,,
Zscan29,Chst5,Rab21,Iqck,Snapc3,,
Zyg11a,Chsy1,Rab32,Iqgap1,Sncg,,
,Cib1,Rab36,Iqgap3,Snrnp200,,
,Cic,Rab40c,Irak2,Snrnp48,,
,Cidea,Rab4b,Irf1,Snrpb,,
,Cilp2,Rad50,Irf2bp2,Snrpe,,
,Cisd1,Rad51,Irs1,Snx11,,
,Ckap2l,Raver1-fdx1l,Irs2,Snx14,,
,Ckap4,Rbl1,Irx3,Snx18,,
,Clca3,Rbm12b,Isl1,Socs2,,
,Clca6,Rbm17,Islr,Socs3,,
,Clcc1,Rbm18,Itga11,Sod3,,
,Cldn11,Rbm25,Itga8,Sorl1,,
,Cldn23,Rbm33,Itgav,Sox9,,
,Cldn24,Rbm34,Itgb5,Sp4,,
,Cldn4,Rchy1,Itgb6,Sp7,,
,Clec14a,Rcn2,Itgb8,Spag9,,
,Clec18a,Rdh14,Itm2b,Spata17,,
,Clgn,Relt,Itpr1,Spats2l,,
,Clhc1,Rexo4,Itprip,Spesp1,,
,Clic5,Rfc3,Itsn1,Spink2,,
,Clic6,Rfx3,Jak1,Spop,,
,Clint1,Rfx7,Jam2,Spred1,,
,Clip4,Rg9mtd1,Jdp2,Spred2,,
,Clk3,Rg9mtd2,Jmjd4,Spry2,,
,Clmp,Rgnef,Jun,Spry4,,
,Cln5,Rhbdd2,Junb,Spty2d1,,
,Cln8,Rhoj,Kalrn,Ssbp4,,
,Clnk,Rhoq,Kazn,Ssu72,,
,Clock,Ric8b,Kcna5,St5,,
,Clpx,Rin1,Kcnb1,St6gal1,,
,Clrn1,Rmnd5b,Kcng1,Stac3,,
,Clstn1,Rnf126,Kcnh5,Stam2,,
,Clta,Rnf13,Kcnip1,Stk16,,
,Clvs1,Rnf219,Kcnip4,Stk4,,
,Clybl,Rnf44,Kcnj15,Strap,,
,Cmc1,Rnft2,Kcnj2,Stx18,,
,Cmip,Rnmt,Kcnk2,Sulf1,,
,Cmss1,Rnps1,Kcnk5,Sumo1,,
,Cmtm4,Rpe,Kcnn2,Surf6,,
,Cmya5,Rpf1,Kcnn4,Susd1,,
,Cnep1r1,Rpf2,Kcnq1,Syn3,,
,Cnga3,Rpia,Kdm5a,Syne1,,
,Cngb1,Rpl18,Kdm6b,Synm,,
,Cngb3,Rpl18a,Kdr,Syt9,,
,Cnn3,Rpl22l1,Khdrbs3,Tanc1,,
,Cnot11,Rpl29,Kif13b,Tars2,,
,Cnot2,Rpl32,Kif26b,Tasp1,,
,Cnot6,Rpl36,Kif5b,Tbc1d1,,
,Cnp,Rpl37,Kirrel,Tbc1d2,,
,Cnpy1,Rpl37a,Kirrel3,Tbc1d9,,
,Cnr1,Rpl38,Kitl,Tbck,,
,Cntf,Rps12,Klf10,Tbl1xr1,,
,Cntln,Rps13,Klf12,Tbpl1,,
,Cntn3,Rps14,Klf13,Tbx18,,
,Cntn5,Rps19bp1,Klf4,Tbx4,,
,Cntnap4,Rps21,Klf6,Tcerg1l,,
,Cntnap5a,Rps27,Klhdc8a,Tcf4,,
,Coa4,Rrm1,Klhl29,Tead1,,
,Cog1,Rrnad1,Klk10,Tec,,
,Cog6,Rrp1,Kpna2,Tfb2m,,
,Coil,Rsbn1,Krt19,Tgfb2,,
,Col12a1,Runx1,Krt39,Tgif1,,
,Col13a1,Saal1,Krt8,Tha1,,
,Col14a1,Safb2,Krt81,Thbs2,,
,Col18a1,Sart3,Ktn1,Thg1l,,
,Col3a1,Sbno2,LOC329427,Thumpd3,,
,Col4a1,Scaf8,LOC626410,Thy1,,
,Col4a2,Sco1,Lactb,Tle1,,
,Col4a3bp,Scrib,Lamb1,Tle3,,
,Col5a2,Scyl1,Lamc1,Tle4,,
,Col6a5,Sdha,Lbr,Tll1,,
,Col6a6,Sec11a,Lclat1,Tln2,,
,Colgalt2,Sec14l2,Ldlr,Tmbim1,,
,Commd2,Sec31a,Ldoc1l,Tmem11,,
,Commd7,Sec61b,Lef1,Tmem135,,
,Commd8,Secisbp2,Lemd2,Tmem161b,,
,Commd9,Selk,Leprel1,Tmem167b,,
,Comt,Sema4c,Lgi2,Tmem212,,
,Cops3,Senp5,Lgr6,Tmem229b,,
,Copz1,2-Sep,Lhfp,Tmem33,,
,Coq5,Setd1a,Lhfpl2,Tmem9b,,
,Coq7,Setx,Lhx4,Tmpo,,
,Corin,Sf3a3,Lifr,Tmx1,,
,Cox10,Sf3b2,Litaf,Tnfaip3,,
,Cox20,Sf3b5,Lmcd1,Tnik,,
,Cox4i2,Sfswap,Lmo7,Tnk2,,
,Cp,Sfxn3,Lmtk2,Tnks,,
,Cpa6,Sgsh,Loxhd1,Tns1,,
,Cpe,Sh3bp5,Loxl1,Tns3,,
,Cpeb3,Sh3gl1,Loxl2,Tns4,,
,Cped1,Sh3rf2,Lpar5,Toe1,,
,Cpm,Shc1,Lphn2,Tomm20,,
,Cpne2,Sipa1l3,Lpin1,Top2b,,
,Cpne3,Sirt4,Lpl,Top3b,,
,Cpne4,Sirt6,Lpp,Tox,,
,Cpsf6,Skiv2l,Lrig1,Tox3,,
,Cpsf7,Skp2,Lrig2,Tox4,,
,Crabp1,Slbp,Lrp5,Tpd52,,
,Cradd,Slc17a4,Lrrc10b,Tpm1,,
,Crb2,Slc25a36,Lrrc28,Tpra1,,
,Crbn,Slc25a46,Lrrc8a,Tprg,,
,Crcp,Slc33a1,Lrrc8b,Trappc9,,
,Creb1,Slc35a1,Lrrc8c,Trib2,,
,Creb3,Slc35b1,Lrrc8d,Trim24,,
,Creb3l1,Slc35c1,Lrrfip1,Trim41,,
,Creb5,Slc35e4,Lrrfip2,Trim44,,
,Crebbp,Slc37a3,Lrrk2,Trim68,,
,Crebl2,Slc39a11,Lrrtm3,Trio,,
,Crh,Slc39a13,Lsm14a,Trmt112,,
,Crisp1,Slc6a6,Ltbp1,Trmt2a,,
,Crnkl1,Slc7a6os,Ltbp2,Trmt61a,,
,Crnn,Slc9a1,Ly6h,Trp53,,
,Crtac1,Slc9a8,Lyn,Trp53rk,,
,Crtc3,Smad3,Lypd6b,Trpm3,,
,Cry1,Smarca2,Macrod2,Trps1,,
,Cryaa,Smc4,Mad2l1,Tshz2,,
,Cryba4,Smc5,Maf,Tsnax,,
,Crybb2,Smchd1,Mafk,Tspan9,,
,Crybg3,Smcr7l,Magi1,Ttll11,,
,Crygs,Smo,Magi2,Ttll7,,
,Csf3r,Smu1,Malat1,Tufm,,
,Csgalnact1,Snapc3,Mall,Tulp4,,
,Csnk1g3,Snhg10,Malt1,Tusc3,,
,Csrnp1,Snhg12,Maml3,Uaca,,
,Csrp2,Snip1,Manba,Uap1,,
,Cst10,Snrnp200,Map2k3,Ubac2,,
,Csta,Snrnp27,Map2k6,Ubash3b,,
,Cstad,Snrnp35,Map3k14,Ube2j2,,
,Cstb,Snrpa1,Map3k4,Ublcp1,,
,Cstf2t,Snrpb,Map3k5,Ubtd1,,
,Ctbp1,Snrpc,Map3k7,Ubxn1,,
,Ctbp2,Snrpd1,Map3k8,Ubxn2b,,
,Ctcf,Snrpe,Map4k3,Ubxn8,,
,Ctdspl,Snw1,Mapkbp1,Urb2,,
,Cth,Snx11,11-Mar,Usp16,,
,Ctif,Snx14,Marcks,Usp4,,
,Ctla4,Snx17,Masp1,Usp48,,
,Ctnnal1,Socs5,Mast4,Uspl1,,
,Ctnnb1,Spag7,Mat2b,Utp15,,
,Ctnnbl1,Spag9,Max,Utp3,,
,Ctnnd2,Spata17,Mbd2,Utrn,,
,Ctrb1,Spats1,Mbnl1,Vcl,,
,Ctsc,Sphk1,Mbnl2,Vegfc,,
,Cttn,Spop,Mbp,Vgll4,,
,Cttnbp2,Spred2,Mcc,Vps37b,,
,Cubn,Spry2,Mcfd2,Vps52,,
,Cul1,Spty2d1,Mchr1,Vps8,,
,Cul2,Sra1,Mcm3,Vrk1,,
,Cul3,Srek1,Mctp2,Vta1,,
,Cux1,Srpr,Mdfi,Vti1a,,
,Cwh43,Srsf11,Mdga2,Wac,,
,Cx3cl1,Srsf7,Mdm2,Wbscr17,,
,Cxadr,Ss18l1,Me3,Wdr11,,
,Cxcl16,Ssbp4,Mecom,Wdr34,,
,Cxcl17,Ssu72,Med13,Wdr4,,
,Cxcr4,Stac3,Med13l,Wdr5,,
,Cxcr7,Stam2,Megf11,Wipi2,,
,Cxxc4,Stard13,Megf8,Wsb1,,
,Cxxc5,Stard7,Mepe,Wwox,,
,Cyb561,Stat6,Mertk,Xkr7,,
,Cyb5r3,Stip1,Metrnl,Xrn2,,
,Cybb,Stk16,Mettl15,Yap1,,
,Cycs,Stk4,Mettl21d,Ypel4,,
,Cyld,Stoml2,Mex3b,Ythdf3,,
,Cyp1b1,Strap,Mfap5,Ywhae,,
,Cyp26a1,Stx16,Mfhas1,Zbtb45,,
,Cyp26b1,Stx18,Mgat4c,Zc3h12a,,
,Cyp2b10,Stxbp6,Miat,Zc3h15,,
,Cyp2b13,Sumo1,Mical2,Zc3h18,,
,Cyp2c44,Surf6,Midn,Zcchc9,,
,Cyp2c69,Susd1,Mill2,Zeb2,,
,Cyp2r1,Svop,Minos1,Zfand3,,
,Cyp2u1,Synj2,Mir100,Zfp110,,
,Cyp4a10,Synm,Mir137,Zfp113,,
,Cyp4a31,Taco1,Mir146,Zfp148,,
,Cyp4f15,Taf5,Mir181a-1,Zfp217,,
,Cyp7a1,Tank,Mir1983,Zfp3,,
,Cyp7b1,Tars2,Mir222,Zfp316,,
,Cystm1,Tasp1,Mir29b-1,Zfp335,,
,D10Bwg1379e,Tbc1d15,Mir30a,Zfp36l2,,
,D130043K22Rik,Tbc1d17,Mir30d,Zfp384,,
,D130058E05Rik,Tbc1d2,Mir365-2,Zfp408,,
,D130062J21Rik,Tbcc,Mir3966,Zfp518a,,
,D14Abb1e,Tbcd,Mir5135,Zfp532,,
,D16Ertd472e,Tbce,Mir680-3,Zfp536,,
,D19Bwg1357e,Tbck,Mkl1,Zfp608,,
,D1Pas1,Tbp,Mknk2,Zfp623,,
,D630037F22Rik,Tbpl1,Mlph,Zfp64,,
,D630039A03Rik,Tbrg4,Mmp19,Zfp658,,
,D730039F16Rik,Tcea1,Mn1,Zfp668,,
,D730045B01Rik,Tceb1,Mob3b,Zfp703,,
,D7Ertd443e,Tcfap4,Mocs2,Zfp710,,
,D830013O20Rik,Tctex1d2,Morn1,Zfp712,,
,D830014E11Rik,Tctn1,Mos,Zfp715,,
,D830039M14Rik,Tenc1,Mpg,Zfp719,,
,D8Ertd82e,Tes,Mpp4,Zfp90,,
,Daam1,Tex10,Mrc1,Zfpm2,,
,Dab1,Tfb2m,Mrpl1,Zfyve20,,
,Dab2,Tgfbrap1,Mrps18a,Zhx2,,
,Dab2ip,Tgoln1,Mrps23,Zmiz1,,
,Dach1,Tgs1,Mrto4,Zswim6,,
,Dact1,Tha1,Msl3l2,,,
,Dagla,Thg1l,Msra,,,
,Dap,Thoc5,Msx1,,,
,Dapk1,Thoc6,Msx2,,,
,Dapl1,Thrap3,Mta3,,,
,Dars,Thumpd1,Mtap,,,
,Dazap2,Thumpd3,Mtap1b,,,
,Dbc1,Timm23,Mtx2,,,
,Dbil5,Tm9sf2,Mxra7,,,
,Dbx1,Tmbim4,Mycn,,,
,Dcaf11,Tmed2,Myh10,,,
,Dcaf12l2,Tmem109,Myh13,,,
,Dcaf4,Tmem11,Myh15,,,
,Dcbld1,Tmem126a,Myh3,,,
,Dcbld2,Tmem167,Myh9,,,
,Dcdc2a,Tmem167b,Mylip,,,
,Dclk2,Tmem176b,Mylk2,,,
,Dcp1a,Tmem180,Mylk4,,,
,Dcp2,Tmem181b-ps,Myo16,,,
,Dcstamp,Tmem185b,Myo18a,,,
,Dctd,Tmem208,Myo1b,,,
,Dctn6,Tmem214,Myo1e,,,
,Dcun1d3,Tmem222,Myo7a,,,
,Dda1,Tmem33,N4bp1,,,
,Ddc,Tmem48,Nacc2,,,
,Ddhd1,Tmem67,Ncald,,,
,Ddi1,Tmem85,Ncam1,,,
,Ddit4,Tmem9b,Nck2,,,
,Ddit4l,Tmpo,Ncor2,,,
,Ddr2,Tmx1,Ndfip1,,,
,Ddx1,Tnfaip3,Ndufa10,,,
,Ddx11,Tnpo3,Nedd4,,,
,Ddx19a,Tns1,Nedd9,,,
,Ddx19b,Tob2,Nek10,,,
,Ddx20,Toe1,Nell1,,,
,Ddx31,Tollip,Nemf,,,
,Ddx47,Tomm20,Nfatc2,,,
,Ddx60,Top2b,Nfia,,,
,Defb18,Top3b,Nfib,,,
,Defb29,Tor1aip2,Nfix,,,
,Defb4,Tox4,Nfkbiz,,,
,Defb41,Tpd52,Ngly1,,,
,Defb6,Tpd52l2,Nhsl1,,,
,Degs1,Tpp2,Ninj2,,,
,Dennd1a,Tprkb,Nipal2,,,
,Dennd1b,Traf7,Nkain3,,,
,Dennd2a,Trak2,Nln,,,
,Dennd3,Trappc9,Nlrc3,,,
,Dennd4c,Trim11,Nmi,,,
,Dennd5b,Trim39,Nol10,,,
,Depdc1b,Trim41,Nos1ap,,,
,Deptor,Trim44,Notch1,,,
,Derl1,Trim68,Npas2,,,
,Det1,Trip11,Npc1,,,
,Dfna5,Trip4,Npcd,,,
,Dgat2,Trmt11,Npl,,,
,Dgkg,Trmt112,Nprl3,,,
,Dgkk,Trmt2a,Npy,,,
,Dhdds,Trmt5,Nr1d1,,,
,Dhrs2,Trnt1,Nr2f2,,,
,Dhrs7,Trp53,Nr4a2,,,
,Dhrs9,Trp53rk,Nr5a2,,,
,Dhx15,Trpm3,Nrbf2,,,
,Diap3,Trrap,Nrcam,,,
,Dicer1,Tsc2,Nrg1,,,
,Dio2,Tsc22d4,Nrip1,,,
,Dip2b,Tsfm,Nrp1,,,
,Diras2,Tshz2,Nrxn3,,,
,Dis3l2,Tsnax,Nt5c1b,,,
,Dkk1,Tspan4,Ntm,,,
,Dkk3,Tspan5,Nudt2,,,
,Dlc1,Ttc33,Nudt4,,,
,Dleu7,Tubgcp3,Nupr1,,,
,Dlg2,Tufm,Nxnl2,,,
,Dlg5,Tusc3,Oat,,,
,Dlgap1,Tut1,Obfc1,,,
,Dlgap2,Txnl1,Obfc2a,,,
,Dlgap3,Tyk2,Odf1,,,
,Dlx3,U2af2,Odz4,,,
,Dmrt2,Uap1,Ofcc1,,,
,Dnahc3,Uba2,Oit1,,,
,Dnahc5,Uba7,Olfm2,,,
,Dnaja2,Ubac2,Olfr1505,,,
,Dnaja4,Ubc,Olfr279,,,
,Dnajb1,Ube2j2,Olfr750,,,
,Dnajb9,Ube2n,Opa1,,,
,Dnajc12,Ube2v1,Osbpl3,,,
,Dnajc13,Ube3c,Osmr,,,
,Dnajc18,Ublcp1,Osr1,,,
,Dnajc19,Ubr1,Otud4,,,
,Dnajc5,Ubr4,Otud7a,,,
,Dnajc7,Ubxn1,Oxr1,,,
,Dnase2b,Ubxn6,P2ry2,,,
,Dnm2,Unk,P4ha1,,,
,Dnmt3a,Uqcr10,Pabpc6,,,
,Dnttip2,Uqcrh,Padi2,,,
,Dock1,Usp16,Palld,,,
,Dock10,Usp36,Pappa,,,
,Dock2,Usp38,Pappa2,,,
,Dock4,Usp39,Pard3,,,
,Dock5,Usp4,Park7,,,
,Dock6,Usp48,Parvb,,,
,Dock7,Usp8,Pax8,,,
,Dock8,Uspl1,Pcbp3,,,
,Dock9,Utp15,Pcca,,,
,Dok5,Utp3,Pcdh1,,,
,Dpf1,Vamp1,Pcdh9,,,
,Dpp6,Vamp4,Pcp4l1,,,
,Dpp8,Vegfc,Pcsk6,,,
,Dppa3,Vgll4,Pdcd1,,,
,Dppa4,Vkorc1,Pde1a,,,
,Dppa5a,Vma21,Pde4d,,,
,Dpt,Vprbp,Pdgfa,,,
,Dpy30,Vps52,Pdgfc,,,
,Dpys,Vrk1,Pdgfrb,,,
,Dram1,Vta1,Pdzrn3,,,
,Drd1a,Wbp11,Pebp4,,,
,Drg2,Wbscr16,Pecr,,,
,Dsc1,Wbscr17,Pepd,,,
,Dscam,Wdr11,Pfdn1,,,
,Dscc1,Wdr25,Pgf,,,
,Dse,Wdr3,Pgrmc2,,,
,Dsg1c,Wdr34,Phactr1,,,
,Dsp,Wdr36,Phc2,,,
,Dst,Wdr4,Phf15,,,
,Dstyk,Wdr45l,Phf20,,,
,Dtd1,Wdr5,Phf21a,,,
,Dtl,Wdr55,Phlda1,,,
,Dtnb,Wdr70,Phldb2,,,
,Dtnbp1,Wdr82,Phlpp1,,,
,Dtwd1,Wdr89,Phxr4,,,
,Duox1,Whsc2,Pias4,,,
,Dupd1,Wipi2,Pik3c2g,,,
,Dusp1,Wwox,Pik3r1,,,
,Dusp10,Xkr7,Pim1,,,
,Dusp14,Xpot,Pim3,,,
,Dusp16,Xrn2,Pion,,,
,Dusp26,Yap1,Pitpnm3,,,
,Dusp27,Yars,Pja1,,,
,Dusp4,Yars2,Pkd1l2,,,
,Dusp5,Ybey,Pkig,,,
,Dusp6,Ypel4,Pkp1,,,
,Dym,Ythdf3,Pkp4,,,
,Dync1h1,Ywhab,Pla2g4a,,,
,Dync1i1,Ywhae,Plau,,,
,Dync1i2,Zbtb17,Plcl1,,,
,Dync1li2,Zbtb22,Plekhb2,,,
,Dync2h1,Zbtb45,Plekhh2,,,
,Dynll1,Zbtb7a,Plekhm3,,,
,Dynlrb2,Zbtb9,Plrg1,,,
,Dyrk2,Zc3h10,Plxna1,,,
,E030010N08Rik,Zc3h15,Plxna2,,,
,E030011O05Rik,Zc3h18,Pmepa1,,,
,E130012A19Rik,Zc3h6,Pml,,,
,E130309D02Rik,Zc3h7a,Pmp22,,,
,E130309F12Rik,Zcchc9,Poc1b,,,
,E2f2,Zcwpw1,Polr1a,,,
,E2f7,Zfp110,Pomc,,,
,E2f8,Zfp113,Popdc2,,,
,E330009J07Rik,Zfp146,Por,,,
,E330013P04Rik,Zfp148,Postn,,,
,E330017A01Rik,Zfp3,Pou2f1,,,
,E330020D12Rik,Zfp324,Ppard,,,
,E330021D16Rik,Zfp330,Ppcdc,,,
,E330034G19Rik,Zfp335,Ppef2,,,
,E430025E21Rik,Zfp35,Ppfibp1,,,
,Ear11,Zfp384,Ppm1d,,,
,Ear14,Zfp408,Ppm1e,,,
,Ebf1,Zfp444,Ppm1h,,,
,Ebf3,Zfp446,Ppm1l,,,
,Ece1,Zfp51,Ppp1r9a,,,
,Echdc2,Zfp511,Ppp1r9b,,,
,Eci2,Zfp513,Ppp2r4,,,
,Eci3,Zfp518a,Prdm16,,,
,Ecm1,Zfp558,Prickle1,,,
,Ect2,Zfp560,Prickle2,,,
,Edar,Zfp568,Prkag2,,,
,Eddm3b,Zfp60,Prkca,,,
,Edem2,Zfp606,Prkcdbp,,,
,Edem3,Zfp62,Prkce,,,
,Ednra,Zfp622,Prkch,,,
,Ednrb,Zfp623,Prkci,,,
,Eea1,Zfp639,Prkd1,,,
,Eed,Zfp64,Prkg2,,,
,Eef1a1,Zfp661,Prlr,,,
,Eef1e1,Zfp668,Prnp,,,
,Eef2,Zfp687,Prokr1,,,
,Eef2k,Zfp688,Prrc2b,,,
,Efcab1,Zfp709,Prss2,,,
,Efcab10,Zfp710,Prss42,,,
,Efcab2,Zfp712,Psat1,,,
,Efcab6,Zfp715,Psmd7,,,
,Efhc1,Zfp719,Psmg3,,,
,Efhd1,Zfp74,Pstpip1,,,
,Efna5,Zfp747,Pstpip2,,,
,Efr3a,Zfp748,Ptch1,,,
,Efr3b,Zfp790,Ptges,,,
,Egf,Zfp84,Ptgs1,,,
,Egfl6,Zfp868,Ptk2,,,
,Egln3,Zfp87,Ptma,,,
,Ehd4,Zfp882,Ptp4a2,,,
,Ehf,Zfyve16,Ptpn1,,,
,Ehhadh,Zfyve20,Ptpn12,,,
,Ehmt1,Zkscan4,Ptpn13,,,
,Eif1,Zmynd12,Ptpn22,,,
,Eif2b5,Znhit3,Ptpn3,,,
,Eif4e3,Znrd1as,Ptprg,,,
,Eif4ebp1,l7Rn6,Ptprk,,,
,Eif4g1,,Ptprm,,,
,Eif4g3,,Ptprn,,,
,Eif5,,Ptprn2,,,
,Eif5a,,Ptprr,,,
,Elf2,,Ptrf,,,
,Elf5,,Pvrl1,,,
,Elfn1,,Pvrl3,,,
,Elk3,,Pvt1,,,
,Elmod2,,Qpct,,,
,Elmod3,,Rab11fip5,,,
,Elmsan1,,Rab12,,,
,Elovl4,,Rab14,,,
,Elovl5,,Rab17,,,
,Elovl7,,Rab3il1,,,
,Elp4,,Rab4a,,,
,Emcn,,Rac2,,,
,Eml1,,Ralgps1,,,
,Eml5,,Rap1gap2,,,
,Eml6,,Rapgef3,,,
,Emx1,,Rara,,,
,Emx2,,Rasa1,,,
,En1,,Rasa2,,,
,En2,,Rasa3,,,
,Enah,,Rasa4,,,
,Endov,,Rasgrf2,,,
,Engase,,Rassf2,,,
,Eno3,,Rassf5,,,
,Eno4,,Rassf9,,,
,Enox2,,Rbfox1,,,
,Enpep,,Rbl1,,,
,Enpp1,,Rbm20,,,
,Enpp3,,Rbm34,,,
,Enpp4,,Rbms3,,,
,Enpp6,,Rbpj,,,
,Ensa,,Rbpms,,,
,Eogt,,Rcan2,,,
,Eomes,,Rdh8,,,
,Ep300,,Reep3,,,
,Epas1,,Rell1,,,
,Epb4.1l4a,,Reps1,,,
,Epb4.1l4b,,Rere,,,
,Epb4.9,,Rftn1,,,
,Epc1,,Rfwd2,,,
,Epc2,,Rfx8,,,
,Epcam,,Rgl1,,,
,Epha1,,Rgnef,,,
,Epha2,,Rgs10,,,
,Epha4,,Rgs3,,,
,Epha5,,Rgs6,,,
,Epha6,,Rgs8,,,
,Epha7,,Rgsl1,,,
,Ephb2,,Rhob,,,
,Ephb3,,Riiad1,,,
,Ephb4,,Rin1,,,
,Epn2,,Ripk2,,,
,Eps8,,Rnd1,,,
,Epsti1,,Rnf141,,,
,Erbb3,,Rnf144a,,,
,Ercc3,,Rnf149,,,
,Ercc4,,Rnf152,,,
,Ergic2,,Rnf165,,,
,Erh,,Rnf182,,,
,Eri2,,Robo1,,,
,Erich1,,Robo2,,,
,Erlin1,,Rora,,,
,Erp44,,Rpap3,,,
,Erv3,,Rph3al,,,
,Esr1,,Rpl12,,,
,Esr2,,Rpl14,,,
,Esrp1,,Rpl29,,,
,Esrrb,,Rpn1,,,
,Esrrg,,Rps24,,,
,Etaa1,,Rps6ka1,,,
,Etl4,,Rps6ka2,,,
,Ets2,,Rptor,,,
,Etv4,,Rtdr1,,,
,Eva1a,,Rtkn2,,,
,Evc2,,Rufy1,,,
,Evi5l,,Runx1,,,
,Evl,,Runx2,,,
,Evx1,,Rybp,,,
,Exd1,,Ryk,,,
,Exoc4,,S100a10,,,
,Exoc5,,S100a2,,,
,Exoc6b,,S1pr3,,,
,Ext1,,Samd4,,,
,Eya2,,Sap30bp,,,
,Eya4,,Scara3,,,
,Ezh2,,Scarb1,,,
,Ezr,,Scarf2,,,
,F10,,Scarna2,,,
,F11r,,Scd2,,,
,F2r,,Scg5,,,
,F2rl1,,Schip1,,,
,F830045P16Rik,,Scp2,,,
,Fabp1,,Sdc2,,,
,Fam101a,,Sdc4,,,
,Fam105a,,Sdccag8,,,
,Fam107b,,Sec14l1,,,
,Fam110b,,Sec24b,,,
,Fam117a,,Sec24d,,,
,Fam120a,,Sectm1a,,,
,Fam120c,,Sema3a,,,
,Fam122a,,Sema3c,,,
,Fam126a,,Sema5a,,,
,Fam129a,,Sema6d,,,
,Fam133b,,Sema7a,,,
,Fam134b,,9-Sep,,,
,Fam135b,,Serinc5,,,
,Fam13b,,Serpinh1,,,
,Fam13c,,Setbp1,,,
,Fam150a,,Sf3b3,,,
,Fam160b1,,Sgcd,,,
,Fam161a,,Sgms1,,,
,Fam167a,,Sh3bgrl2,,,
,Fam167b,,Sh3bp4,,,
,Fam168a,,Sh3bp5,,,
,Fam168b,,Sh3gl1,,,
,Fam174b,,Sh3glb1,,,
,Fam178a,,Sh3glb2,,,
,Fam184a,,Sh3pxd2a,,,
,Fam192a,,Sh3pxd2b,,,
,Fam193a,,Sh3rf1,,,
,Fam196a,,Sh3rf3,,,
,Fam196b,,Shank2,,,
,Fam19a2,,Shb,,,
,Fam19a4,,Shc3,,,
,Fam20b,,Shq1,,,
,Fam211a,,Shroom3,,,
,Fam216b,,Sik2,,,
,Fam219a,,Sipa1l2,,,
,Fam229b,,Sipa1l3,,,
,Fam25c,,Skap1,,,
,Fam3c,,Slc10a6,,,
,Fam43a,,Slc10a7,,,
,Fam49a,,Slc14a1,,,
,Fam49b,,Slc14a2,,,
,Fam50b,,Slc16a1,,,
,Fam53a,,Slc16a11,,,
,Fam58b,,Slc17a6,,,
,Fam5b,,Slc1a7,,,
,Fam60a,,Slc20a2,,,
,Fam63a,,Slc24a2,,,
,Fam65a,,Slc24a3,,,
,Fam69a,,Slc24a5,,,
,Fam76a,,Slc25a13,,,
,Fam76b,,Slc25a24,,,
,Fam83f,,Slc25a26,,,
,Fam83g,,Slc25a28,,,
,Fam84a,,Slc30a4,,,
,Fam84b,,Slc34a1,,,
,Fam92a,,Slc37a2,,,
,Fam92b,,Slc39a11,,,
,Fam98a,,Slc39a14,,,
,Fam98b,,Slc41a2,,,
,Fancb,,Slc43a2,,,
,Fancc,,Slc43a3,,,
,Fancm,,Slc4a1ap,,,
,Fank1,,Slc4a4,,,
,Fars2,,Slc4a7,,,
,Fasl,,Slc6a7,,,
,Fat1,,Slc7a14,,,
,Fat2,,Slc7a15,,,
,Fat3,,Slc7a5,,,
,Fblim1,,Slc8a1,,,
,Fbp1,,Slit1,,,
,Fbrsl1,,Slit2,,,
,Fbxl2,,Slit3,,,
,Fbxl22,,Smad2,,,
,Fbxl3,,Smad3,,,
,Fbxo11,,Smad6,,,
,Fbxo22,,Smg6,,,
,Fbxo24,,Smoc1,,,
,Fbxo30,,Smoc2,,,
,Fbxo31,,Smtn,,,
,Fbxo32,,Smurf1,,,
,Fbxo33,,Smyd3,,,
,Fbxo45,,Snai1,,,
,Fbxo9,,Snap47,,,
,Fbxw10,,Sncg,,,
,Fbxw11,,Snd1,,,
,Fbxw7,,Snrnp48,,,
,Fcgr1,,Snta1,,,
,Fcrls,,Snx18,,,
,Fech,,Snx24,,,
,Fer,,Snx29,,,
,Fermt2,,Snx5,,,
,Fez1,,Snx6,,,
,Ffar4,,Snx7,,,
,Fgd2,,Snx8,,,
,Fgd4,,Soat1,,,
,Fgf1,,Socs2,,,
,Fgf12,,Socs3,,,
,Fgf15,,Sod3,,,
,Fgf17,,Sorcs2,,,
,Fgf18,,Sorl1,,,
,Fgf2,,Sos1,,,
,Fgf21,,Sox11,,,
,Fgf4,,Sox9,,,
,Fgf5,,Sp4,,,
,Fgf9,,Sp7,,,
,Fgfr1,,Spata13,,,
,Fgl1,,Spats2l,,,
,Fgr,,Speer5-ps1,,,
,Fhad1,,Spesp1,,,
,Fhit,,Spink2,,,
,Fignl1,,Spink4,,,
,Filip1l,,Spns2,,,
,Fis1,,Spon1,,,
,Fjx1,,Spred1,,,
,Fkbp14,,Spred2,,,
,Flcn,,Spry2,,,
,Flg2,,Spry4,,,
,Flnb,,Sqstm1,,,
,Flrt1,,Srgap1,,,
,Flrt3,,Srgap3,,,
,Flywch2,,Srp68,,,
,Fnbp1,,Srpk2,,,
,Fnbp1l,,Ssh1,,,
,Fndc3b,,St3gal3,,,
,Fndc7,,St5,,,
,Fnip2,,St6gal1,,,
,Fnta,,St8sia1,,,
,Folr4,,St8sia2,,,
,Fos,,Stc1,,,
,Foxb1,,Stk39,,,
,Foxd3,,Stk40,,,
,Foxj1,,Ston1,,,
,Foxj2,,Ston2,,,
,Foxj3,,Stx11,,,
,Foxk1,,Stx16,,,
,Foxn2,,Stx6,,,
,Foxn3,,Stxbp6,,,
,Foxn4,,Sulf1,,,
,Foxo1,,Sult2b1,,,
,Foxo6,,Susd1,,,
,Foxp1,,Syf2,,,
,Fpgs,,Syn3,,,
,Frat2,,Syne1,,,
,Frem2,,Synj2,,,
,Frem3,,Synpr,,,
,Frmd4a,,Syt10,,,
,Frmd4b,,Syt9,,,
,Frmd5,,Tanc1,,,
,Frmd6,,Tank,,,
,Frmd8,,Tars,,,
,Frmpd1,,Tbc1d1,,,
,Frrs1,,Tbc1d16,,,
,Frs2,,Tbc1d4,,,
,Fryl,,Tbc1d9,,,
,Fsbp,,Tbcc,,,
,Fscn1,,Tbl1xr1,,,
,Fsd1l,,Tbx18,,,
,Fst,,Tbx4,,,
,Fstl4,,Tcerg1l,,,
,Fstl5,,Tcf4,,,
,Fto,,Tchh,,,
,Ftsj1,,Tead1,,,
,Fut10,,Tec,,,
,Fut9,,Tg,,,
,Fxyd4,,Tgfb1,,,
,Fxyd6,,Tgfb2,,,
,Fyb,,Tgfbi,,,
,Fyn,,Tgfbr3,,,
,Fzd1,,Tgif1,,,
,Fzd10,,Tha1,,,
,Fzd7,,Thbs1,,,
,Fzd8,,Thbs2,,,
,G2e3,,Thumpd3,,,
,G6pc3,,Thy1,,,
,Gabbr2,,Tiam2,,,
,Gabpb1,,Timp2,,,
,Gabra1,,Tjap1,,,
,Gabre,,Tle1,,,
,Gabrg2,,Tle3,,,
,Gabrg3,,Tle4,,,
,Gabrp,,Tll1,,,
,Gad1,,Tln2,,,
,Gadd45a,,Tm4sf1,,,
,Gadd45g,,Tmbim1,,,
,Gadl1,,Tmcc3,,,
,Gal,,Tmco7,,,
,Galnt1,,Tmed3,,,
,Galnt13,,Tmem135,,,
,Galnt5,,Tmem144,,,
,Galnt7,,Tmem161b,,,
,Galnt9,,Tmem179,,,
,Galr1,,Tmem184b,,,
,Gap43,,Tmem194b,,,
,Gar1,,Tmem212,,,
,Gas1,,Tmem229b,,,
,Gas2l3,,Tmem26,,,
,Gata1,,Tmem30b,,,
,Gata3,,Tmem43,,,
,Gata6,,Tmod1,,,
,Gatad2a,,Tmod3,,,
,Gbas,,Tmpo,,,
,Gbe1,,Tmprss11c,,,
,Gbp10,,Tmprss15,,,
,Gbp4,,Tmprss6,,,
,Gbx1,,Tnc,,,
,Gcfc2,,Tnfrsf11a,,,
,Gclc,,Tnfsf15,,,
,Gclm,,Tnfsf8,,,
,Gcnt1,,Tnik,,,
,Gcnt2,,Tnk2,,,
,Gcnt4,,Tnks,,,
,Gcsh,,Tnrc18,,,
,Gdap1l1,,Tns1,,,
,Gdf6,,Tns3,,,
,Gem,,Tns4,,,
,Get4,,Tnxb,,,
,Gfi1b,,Tob1,,,
,Gfod1,,Tom1l2,,,
,Gfpt2,,Tomm20,,,
,Ggnbp1,,Tox,,,
,Ggt6,,Tox3,,,
,Ggta1,,Tpcn1,,,
,Ghitm,,Tpk1,,,
,Ghr,,Tpm1,,,
,Gid4,,Tpm4,,,
,Gid8,,Tpra1,,,
,Gins3,,Tprg,,,
,Gipc1,,Tpst1,,,
,Gipc2,,Tpt1,,,
,Gja1,,Traf1,,,
,Gja10,,Traf3ip2,,,
,Gk2,,Traf5,,,
,Gkap1,,Trappc3,,,
,Glce,,Trappc9,,,
,Gldc,,Trdmt1,,,
,Glg1,,Trerf1,,,
,Gli2,,Trib2,,,
,Glis2,,Trim24,,,
,Glis3,,Trim47,,,
,Glo1,,Trim56,,,
,Glod4,,Trio,,,
,Glod5,,Triobp,,,
,Glra2,,Trip11,,,
,Glra3,,Trmt61a,,,
,Glrp1,,Trp63,,,
,Glrx,,Trpm1,,,
,Glrx3,,Trpm6,,,
,Glrx5,,Trps1,,,
,Glt1d1,,Tshz1,,,
,Glt28d2,,Tshz2,,,
,Gltscr1,,Tsku,,,
,Gltscr1l,,Tspan9,,,
,Glud1,,Tsta3,,,
,Gm10000,,Ttc39b,,,
,Gm10006,,Ttc39c,,,
,Gm10010,,Ttll11,,,
,Gm10013,,Ttll7,,,
,Gm10036,,Tuba1c,,,
,Gm10047,,Tulp4,,,
,Gm10073,,Twist2,,,
,Gm10076,,Txlnb,,,
,Gm101,,Tymp,,,
,Gm10100,,Uaca,,,
,Gm10108,,Ubac2,,,
,Gm10116,,Ubash3b,,,
,Gm10118,,Ubc,,,
,Gm10132,,Ubtd1,,,
,Gm10134,,Ubxn2b,,,
,Gm10188,,Ubxn8,,,
,Gm10198,,Uck2,,,
,Gm10203,,Ulk4,,,
,Gm10258,,Unc13c,,,
,Gm10275,,Urb2,,,
,Gm10295,,Usp43,,,
,Gm10305,,Usp48,,,
,Gm10351,,Ust,,,
,Gm10463,,Utrn,,,
,Gm10482,,Vapb,,,
,Gm10549,,Vcl,,,
,Gm10610,,Veph1,,,
,Gm10621,,Vps13c,,,
,Gm10642,,Vps37b,,,
,Gm10655,,Vps53,,,
,Gm10663,,Vps8,,,
,Gm10710,,Vsnl1,,,
,Gm10742,,Vti1a,,,
,Gm10760,,Wac,,,
,Gm10762,,Wasl,,,
,Gm10782,,Wdfy2,,,
,Gm10797,,Wdr38,,,
,Gm10837,,Wdr5,,,
,Gm10945,,Wdr59,,,
,Gm10974,,Wdr69,,,
,Gm11011,,Wfdc1,,,
,Gm11146,,Whsc1l1,,,
,Gm1123,,Wisp1,,,
,Gm11232,,Wisp2,,,
,Gm11678,,Wnt3a,,,
,Gm11733,,Wsb1,,,
,Gm12166,,Wwc2,,,
,Gm12216,,Wwp1,,,
,Gm12689,,X99384,,,
,Gm12789,,Xpo6,,,
,Gm13011,,Xrra1,,,
,Gm13030,,Yars,,,
,Gm1305,,Ysk4,,,
,Gm13090,,Ywhag,,,
,Gm13145,,Zbtb38,,,
,Gm13152,,Zc3h12a,,,
,Gm13154,,Zcchc24,,,
,Gm13318,,Zdhhc22,,,
,Gm14025,,Zeb1,,,
,Gm14474,,Zeb2,,,
,Gm15217,,Zfand3,,,
,Gm15319,,Zfat,,,
,Gm15386,,Zfp187,,,
,Gm15401,,Zfp217,,,
,Gm1564,,Zfp316,,,
,Gm1587,,Zfp353,,,
,Gm16140,,Zfp366,,,
,Gm16485,,Zfp36l2,,,
,Gm16490,,Zfp518a,,,
,Gm16499,,Zfp52,,,
,Gm16519,,Zfp532,,,
,Gm17384,,Zfp536,,,
,Gm20459,,Zfp608,,,
,Gm2058,,Zfp61,,,
,Gm3233,,Zfp637,,,
,Gm355,,Zfp652,,,
,Gm3755,,Zfp658,,,
,Gm3940,,Zfp697,,,
,Gm4302,,Zfp703,,,
,Gm4775,,Zfp862,,,
,Gm4861,,Zfp90,,,
,Gm4868,,Zfpm1,,,
,Gm4889,,Zfpm2,,,
,Gm4924,,Zhx2,,,
,Gm4968,,Zkscan2,,,
,Gm5132,,Zmiz1,,,
,Gm5134,,Znrf4,,,
,Gm514,,Zswim6,,,
,Gm5148,,,,,
,Gm5160,,,,,
,Gm5218,,,,,
,Gm525,,,,,
,Gm5258,,,,,
,Gm5277,,,,,
,Gm5356,,,,,
,Gm5420,,,,,
,Gm5449,,,,,
,Gm5494,,,,,
,Gm5506,,,,,
,Gm5641,,,,,
,Gm572,,,,,
,Gm5745,,,,,
,Gm5784,,,,,
,Gm5819,,,,,
,Gm595,,,,,
,Gm608,,,,,
,Gm6104,,,,,
,Gm6133,,,,,
,Gm6327,,,,,
,Gm6460,,,,,
,Gm6483,,,,,
,Gm6484,,,,,
,Gm6576,,,,,
,Gm6578,,,,,
,Gm6594,,,,,
,Gm6658,,,,,
,Gm6685,,,,,
,Gm6763,,,,,
,Gm6772,,,,,
,Gm6792,,,,,
,Gm6793,,,,,
,Gm6816,,,,,
,Gm6878,,,,,
,Gm6899,,,,,
,Gm6994,,,,,
,Gm7157,,,,,
,Gm7325,,,,,
,Gm7461,,,,,
,Gm7589,,,,,
,Gm765,,,,,
,Gm7866,,,,,
,Gm813,,,,,
,Gm8325,,,,,
,Gm839,,,,,
,Gm8394,,,,,
,Gm8765,,,,,
,Gm8973,,,,,
,Gm9376,,,,,
,Gm9493,,,,,
,Gm9733,,,,,
,Gm9790,,,,,
,Gm9817,,,,,
,Gm9844,,,,,
,Gm9846,,,,,
,Gm9867,,,,,
,Gm9869,,,,,
,Gm9874,,,,,
,Gm9897,,,,,
,Gm9912,,,,,
,Gm9920,,,,,
,Gm9930,,,,,
,Gm9934,,,,,
,Gm9956,,,,,
,Gm9966,,,,,
,Gm9979,,,,,
,Gm9982,,,,,
,Gm9991,,,,,
,Gm9996,,,,,
,Gmnc,,,,,
,Gmpr,,,,,
,Gna12,,,,,
,Gna14,,,,,
,Gnai2,,,,,
,Gnao1,,,,,
,Gnas,,,,,
,Gnb1l,,,,,
,Gne,,,,,
,Gng2,,,,,
,Gng4,,,,,
,Gnpda1,,,,,
,Gnpnat1,,,,,
,Gnrh1,,,,,
,Gns,,,,,
,Golga4,,,,,
,Golga5,,,,,
,Golga7b,,,,,
,Golim4,,,,,
,Golph3,,,,,
,Gopc,,,,,
,Gorasp2,,,,,
,Gp2,,,,,
,Gp49a,,,,,
,Gpa33,,,,,
,Gpam,,,,,
,Gpbp1,,,,,
,Gpc3,,,,,
,Gpc4,,,,,
,Gpc6,,,,,
,Gpd2,,,,,
,Gpr1,,,,,
,Gpr101,,,,,
,Gpr110,,,,,
,Gpr123,,,,,
,Gpr124,,,,,
,Gpr125,,,,,
,Gpr128,,,,,
,Gpr133,,,,,
,Gpr135,,,,,
,Gpr139,,,,,
,Gpr142,,,,,
,Gpr157,,,,,
,Gpr20,,,,,
,Gpr22,,,,,
,Gpr37,,,,,
,Gpr39,,,,,
,Gpr83,,,,,
,Gpr84,,,,,
,Gpr98,,,,,
,Gprc5a,,,,,
,Gprc5b,,,,,
,Gprc5c,,,,,
,Gpsm2,,,,,
,Gpt2,,,,,
,Gramd2,,,,,
,Gramd3,,,,,
,Gramd4,,,,,
,Grap,,,,,
,Grap2,,,,,
,Grasp,,,,,
,Grb10,,,,,
,Grb2,,,,,
,Grcc10,,,,,
,Grhl3,,,,,
,Grhpr,,,,,
,Grid1,,,,,
,Grifin,,,,,
,Grik3,,,,,
,Grin2a,,,,,
,Grip1,,,,,
,Grip2,,,,,
,Gripap1,,,,,
,Grm5,,,,,
,Grm7,,,,,
,Grp,,,,,
,Grsf1,,,,,
,Gsdmc,,,,,
,Gsdmc4,,,,,
,Gse1,,,,,
,Gsg2,,,,,
,Gsr,,,,,
,Gss,,,,,
,Gsta2,,,,,
,Gsta3,,,,,
,Gsta4,,,,,
,Gstt2,,,,,
,Gsx1,,,,,
,Gtdc1,,,,,
,Gtdc2,,,,,
,Gtf2a1l,,,,,
,Gtf2e2,,,,,
,Gtf2f2,,,,,
,Gtf2h5,,,,,
,Gtf2i,,,,,
,Gtf2ird1,,,,,
,Gtf2ird2,,,,,
,Gtf3a,,,,,
,Gtf3c5,,,,,
,Gtpbp3,,,,,
,Gtse1,,,,,
,Gtsf1,,,,,
,Gucy1a2,,,,,
,Gucy2e,,,,,
,Gulo,,,,,
,Gxylt2,,,,,
,Gyltl1b,,,,,
,Gypa,,,,,
,Gzf1,,,,,
,H13,,,,,
,H2-Eb2,,,,,
,H2-Q10,,,,,
,H2-T3,,,,,
,H2afb1,,,,,
,H2afy,,,,,
,H2afy2,,,,,
,H2afz,,,,,
,H6pd,,,,,
,Haao,,,,,
,Hadh,,,,,
,Hand1,,,,,
,Hand2,,,,,
,Hap1,,,,,
,Haus4,,,,,
,Hbegf,,,,,
,Hbp1,,,,,
,Hbq1a,,,,,
,Hcfc1,,,,,
,Hcn1,,,,,
,Hdac2,,,,,
,Hdac5,,,,,
,Hdhd2,,,,,
,Heatr1,,,,,
,Heatr5a,,,,,
,Heatr6,,,,,
,Hebp2,,,,,
,Hectd1,,,,,
,Hecw1,,,,,
,Hecw2,,,,,
,Heg1,,,,,
,Helb,,,,,
,Hepacam,,,,,
,Herc1,,,,,
,Herpud1,,,,,
,Hes1,,,,,
,Hgfac,,,,,
,Hgsnat,,,,,
,Hhip,,,,,
,Hiat1,,,,,
,Hibadh,,,,,
,Hic2,,,,,
,Hif1an,,,,,
,Hint3,,,,,
,Hist1h2an,,,,,
,Hist1h2be,,,,,
,Hist1h2br,,,,,
,Hist1h4d,,,,,
,Hlx,,,,,
,Hmga2,,,,,
,Hmgb2,,,,,
,Hmgcr,,,,,
,Hmgxb4,,,,,
,Hmox1,,,,,
,Hnf4a,,,,,
,Hnrnpa3,,,,,
,Hnrnpd,,,,,
,Hnrnph1,,,,,
,Hnrnpk,,,,,
,Hnrnpr,,,,,
,Hnrnpu,,,,,
,Hnrpll,,,,,
,Hopx,,,,,
,Hormad2,,,,,
,Hoxa1,,,,,
,Hoxa13,,,,,
,Hoxb1,,,,,
,Hoxb13,,,,,
,Hoxc13,,,,,
,Hoxd1,,,,,
,Hoxd3,,,,,
,Hpd,,,,,
,Hpgd,,,,,
,Hpgds,,,,,
,Hprt,,,,,
,Hps1,,,,,
,Hps3,,,,,
,Hps5,,,,,
,Hpse2,,,,,
,Hrh4,,,,,
,Hs2st1,,,,,
,Hs3st2,,,,,
,Hs3st3a1,,,,,
,Hs3st4,,,,,
,Hs3st5,,,,,
,Hs6st1,,,,,
,Hsbp1,,,,,
,Hsd17b14,,,,,
,Hsd17b4,,,,,
,Hsdl1,,,,,
,Hsdl2,,,,,
,Hsf2,,,,,
,Hsfy2,,,,,
,Hsp90aa1,,,,,
,Hspa13,,,,,
,Hspa4,,,,,
,Hspa8,,,,,
,Hspa9,,,,,
,Hspb1,,,,,
,Hspb8,,,,,
,Htatip2,,,,,
,Htr1d,,,,,
,Htr1f,,,,,
,Htr3a,,,,,
,Htr3b,,,,,
,Htr6,,,,,
,Htr7,,,,,
,Htra3,,,,,
,Hunk,,,,,
,Hus1,,,,,
,Huwe1,,,,,
,I0C0044D17Rik,,,,,
,Iars2,,,,,
,Ick,,,,,
,Id1,,,,,
,Id3,,,,,
,Id4,,,,,
,Ide,,,,,
,Ido2,,,,,
,Ids,,,,,
,Ier2,,,,,
,Ier5l,,,,,
,Ifitm2,,,,,
,Ifltd1,,,,,
,Ifng,,,,,
,Ifnk,,,,,
,Ifnlr1,,,,,
,Ifrd2,,,,,
,Ift57,,,,,
,Ift74,,,,,
,Ift80,,,,,
,Igdcc3,,,,,
,Igf1,,,,,
,Igf1r,,,,,
,Igf2bp2,,,,,
,Igfbp2,,,,,
,Igfbp3,,,,,
,Igfbp5,,,,,
,Igsf21,,,,,
,Igsf3,,,,,
,Ihh,,,,,
,Il12a,,,,,
,Il15,,,,,
,Il17d,,,,,
,Il17ra,,,,,
,Il17rd,,,,,
,Il18bp,,,,,
,Il1rap,,,,,
,Il20ra,,,,,
,Il31ra,,,,,
,Il33,,,,,
,Il6ra,,,,,
,Il6st,,,,,
,Immp2l,,,,,
,Impg2,,,,,
,Ing1,,,,,
,Ing2,,,,,
,Inha,,,,,
,Inhbb,,,,,
,Ino80,,,,,
,Ino80d,,,,,
,Inpp4a,,,,,
,Inpp4b,,,,,
,Inpp5f,,,,,
,Insc,,,,,
,Insig1,,,,,
,Insig2,,,,,
,Insm1,,,,,
,Ints4,,,,,
,Ints8,,,,,
,Ip6k2,,,,,
,Ipmk,,,,,
,Ipo7,,,,,
,Ipo8,,,,,
,Iqck,,,,,
,Iqgap1,,,,,
,Iqsec1,,,,,
,Irak1,,,,,
,Irak2,,,,,
,Ireb2,,,,,
,Irf1,,,,,
,Irf2bpl,,,,,
,Irf9,,,,,
,Irgm1,,,,,
,Irgq,,,,,
,Irs2,,,,,
,Irx1,,,,,
,Irx2,,,,,
,Irx3,,,,,
,Irx4,,,,,
,Irx5,,,,,
,Irx6,,,,,
,Isl2,,,,,
,Ism1,,,,,
,Ism2,,,,,
,Itch,,,,,
,Itga1,,,,,
,Itga5,,,,,
,Itga6,,,,,
,Itga9,,,,,
,Itgam,,,,,
,Itgax,,,,,
,Itgb1bp1,,,,,
,Itgb5,,,,,
,Itgb6,,,,,
,Itgb7,,,,,
,Itih5,,,,,
,Itpka,,,,,
,Itpr3,,,,,
,Itsn2,,,,,
,Iyd,,,,,
,Jak1,,,,,
,Jazf1,,,,,
,Jdp2,,,,,
,Jmjd4,,,,,
,Jph4,,,,,
,Jrk,,,,,
,Jun,,,,,
,Jup,,,,,
,Kalrn,,,,,
,Kank1,,,,,
,Kank2,,,,,
,Kank4,,,,,
,Kap,,,,,
,Kat2b,,,,,
,Kat6a,,,,,
,Kat6b,,,,,
,Katnal2,,,,,
,Katnb1,,,,,
,Kazald1,,,,,
,Kazn,,,,,
,Kbtbd2,,,,,
,Kbtbd8,,,,,
,Kcmf1,,,,,
,Kcna5,,,,,
,Kcnb1,,,,,
,Kcnc2,,,,,
,Kcnd3,,,,,
,Kcng3,,,,,
,Kcng4,,,,,
,Kcnh2,,,,,
,Kcnip2,,,,,
,Kcnip4,,,,,
,Kcnj11,,,,,
,Kcnj12,,,,,
,Kcnj16,,,,,
,Kcnj2,,,,,
,Kcnj3,,,,,
,Kcnj8,,,,,
,Kcnk1,,,,,
,Kcnk12,,,,,
,Kcnk13,,,,,
,Kcnk2,,,,,
,Kcnma1,,,,,
,Kcnmb4,,,,,
,Kcnn1,,,,,
,Kcnn3,,,,,
,Kcnq3,,,,,
,Kcnq4,,,,,
,Kcnrg,,,,,
,Kcnt2,,,,,
,Kcnv1,,,,,
,Kctd20,,,,,
,Kctd3,,,,,
,Kctd4,,,,,
,Kdm2b,,,,,
,Kdm3b,,,,,
,Kdm5a,,,,,
,Kdm5b,,,,,
,Keg1,,,,,
,Khdc1a,,,,,
,Khdc3,,,,,
,Kif11,,,,,
,Kif14,,,,,
,Kif21a,,,,,
,Kif26b,,,,,
,Kif27,,,,,
,Kifc1,,,,,
,Kirrel,,,,,
,Kirrel3,,,,,
,Kiss1,,,,,
,Kit,,,,,
,Kitl,,,,,
,Klc2,,,,,
,Klf12,,,,,
,Klf13,,,,,
,Klf15,,,,,
,Klf3,,,,,
,Klf4,,,,,
,Klf5,,,,,
,Klf9,,,,,
,Klhdc7a,,,,,
,Klhdc8a,,,,,
,Klhl12,,,,,
,Klhl29,,,,,
,Klhl31,,,,,
,Klhl38,,,,,
,Klhl7,,,,,
,Kndc1,,,,,
,Kng1,,,,,
,Kpna2,,,,,
,Kpnb1,,,,,
,Kras,,,,,
,Kremen1,,,,,
,Krt42,,,,,
,Krtap13-1,,,,,
,Krtap31-2,,,,,
,Krtap9-5,,,,,
,Ksr1,,,,,
,Ksr2,,,,,
,Ktn1,,,,,
,Kynu,,,,,
,L1td1,,,,,
,Lacc1,,,,,
,Lactb,,,,,
,Lactbl1,,,,,
,Lama2,,,,,
,Lama4,,,,,
,Lamc1,,,,,
,Lamc2,,,,,
,Lancl1,,,,,
,Lao1,,,,,
,Lap3,,,,,
,Laptm4a,,,,,
,Laptm4b,,,,,
,Larp1,,,,,
,Larp7,,,,,
,Lasp1,,,,,
,Lats2,,,,,
,Lbh,,,,,
,Lbp,,,,,
,Lbr,,,,,
,Lbx1,,,,,
,Lck,,,,,
,Lclat1,,,,,
,Lcn4,,,,,
,Lcor,,,,,
,Ldhd,,,,,
,Ldlrad3,,,,,
,Ldlrap1,,,,,
,Lect1,,,,,
,Lef1,,,,,
,Lefty1,,,,,
,Lefty2,,,,,
,Lekr1,,,,,
,Lemd1,,,,,
,Lep,,,,,
,Leprel2,,,,,
,Lgals8,,,,,
,Lgals9,,,,,
,Lgalsl,,,,,
,Lgi1,,,,,
,Lgi2,,,,,
,Lgr4,,,,,
,Lhcgr,,,,,
,Lhfpl2,,,,,
,Lhx4,,,,,
,Lhx6,,,,,
,Lif,,,,,
,Lifr,,,,,
,Limch1,,,,,
,Limk2,,,,,
,Lin28a,,,,,
,Lin28b,,,,,
,Lin54,,,,,
,Lin9,,,,,
,Lipc,,,,,
,Lipg,,,,,
,Lix1,,,,,
,Llgl2,,,,,
,Lmbr1,,,,,
,Lmcd1,,,,,
,Lmln,,,,,
,Lmnb1,,,,,
,Lmo4,,,,,
,Lmod3,,,,,
,Lmx1b,,,,,
,Lnx1,,,,,
,Lonp2,,,,,
,Lonrf1,,,,,
,Lonrf2,,,,,
,Loxl1,,,,,
,Loxl4,,,,,
,Lpar1,,,,,
,Lpar3,,,,,
,Lpgat1,,,,,
,Lphn1,,,,,
,Lphn3,,,,,
,Lpin1,,,,,
,Lrfn2,,,,,
,Lrguk,,,,,
,Lrig1,,,,,
,Lrig3,,,,,
,Lrmp,,,,,
,Lrp1,,,,,
,Lrp12,,,,,
,Lrp2,,,,,
,Lrpprc,,,,,
,Lrrc1,,,,,
,Lrrc10,,,,,
,Lrrc31,,,,,
,Lrrc33,,,,,
,Lrrc36,,,,,
,Lrrc3b,,,,,
,Lrrc4,,,,,
,Lrrc47,,,,,
,Lrrc51,,,,,
,Lrrc6,,,,,
,Lrrc69,,,,,
,Lrrc8c,,,,,
,Lrrc8d,,,,,
,Lrrfip1,,,,,
,Lrrk2,,,,,
,Lrrn1,,,,,
,Lrrn3,,,,,
,Lrrtm2,,,,,
,Lrrtm4,,,,,
,Lsm4,,,,,
,Lsm6,,,,,
,Lta4h,,,,,
,Ltb,,,,,
,Lurap1l,,,,,
,Luzp1,,,,,
,Ly6e,,,,,
,Ly6f,,,,,
,Ly75,,,,,
,Lypd1,,,,,
,Lypd6,,,,,
,Lypd6b,,,,,
,Lyplal1,,,,,
,Lyrm1,,,,,
,Lyrm9,,,,,
,Lyst,,,,,
,Lyzl1,,,,,
,Maats1,,,,,
,Mab21l2,,,,,
,Mab21l3,,,,,
,Macf1,,,,,
,Macrod1,,,,,
,Mad1l1,,,,,
,Mael,,,,,
,Maf,,,,,
,Magea10,,,,,
,Magi1,,,,,
,Mal,,,,,
,Malt1,,,,,
,Mamdc2,,,,,
,Maml3,,,,,
,Man1a,,,,,
,Man1c1,,,,,
,Manba,,,,,
,Manbal,,,,,
,Map10,,,,,
,Map1b,,,,,
,Map1lc3b,,,,,
,Map2k1,,,,,
,Map2k3,,,,,
,Map2k6,,,,,
,Map3k1,,,,,
,Map3k13,,,,,
,Map3k5,,,,,
,Map3k7,,,,,
,Map3k7cl,,,,,
,Map3k9,,,,,
,Map4,,,,,
,Map4k3,,,,,
,Map6,,,,,
,Map6d1,,,,,
,Map7,,,,,
,Map7d2,,,,,
,Mapk10,,,,,
,Mapk13,,,,,
,Mapk4,,,,,
,Mapkap1,,,,,
,Mapkapk5,,,,,
,Mapkbp1,,,,,
,1-Mar,,,,,
,3-Mar,,,,,
,4-Mar,,,,,
,5-Mar,,,,,
,7-Mar,,,,,
,8-Mar,,,,,
,Mark3,,,,,
,Marveld3,,,,,
,Masp2,,,,,
,Mast4,,,,,
,Mat2b,,,,,
,Matn3,,,,,
,Max,,,,,
,Mb21d2,,,,,
,Mbd2,,,,,
,Mbd5,,,,,
,Mbip,,,,,
,Mbl2,,,,,
,Mbnl1,,,,,
,Mboat2,,,,,
,Mboat4,,,,,
,Mbtps1,,,,,
,Mc4r,,,,,
,Mcam,,,,,
,Mcc,,,,,
,Mcf2l,,,,,
,Mcl1,,,,,
,Mcm6,,,,,
,Mcmbp,,,,,
,Mcmdc2,,,,,
,Mcph1,,,,,
,Mctp2,,,,,
,Mcts2,,,,,
,Mdfic,,,,,
,Mdh2,,,,,
,Mdm1,,,,,
,Mdm4,,,,,
,Med10,,,,,
,Med12l,,,,,
,Med13l,,,,,
,Med14,,,,,
,Med27,,,,,
,Med28,,,,,
,Med30,,,,,
,Mef2a,,,,,
,Mef2d,,,,,
,Meis2,,,,,
,Memo1,,,,,
,Meox1,,,,,
,Mep1b,,,,,
,Mesdc1,,,,,
,Met,,,,,
,Mettl18,,,,,
,Mettl20,,,,,
,Mettl23,,,,,
,Mettl8,,,,,
,Mfap3,,,,,
,Mfge8,,,,,
,Mgea5,,,,,
,Mgme1,,,,,
,Mgmt,,,,,
,Mgst2,,,,,
,Mgst3,,,,,
,Mical2,,,,,
,Mical3,,,,,
,Micu2,,,,,
,Mid1ip1,,,,,
,Mif,,,,,
,Mina,,,,,
,Minpp1,,,,,
,Mis18bp1,,,,,
,Mki67,,,,,
,Mkl2,,,,,
,Mkln1,,,,,
,Mkrn1,,,,,
,Mkrn3,,,,,
,Mlf2,,,,,
,Mlip,,,,,
,Mllt3,,,,,
,Mllt4,,,,,
,Mlxip,,,,,
,Mmadhc,,,,,
,Mmd,,,,,
,Mme,,,,,
,Mmp20,,,,,
,Mmp7,,,,,
,Mmp9,,,,,
,Mms22l,,,,,
,Mnat1,,,,,
,Mnd1,,,,,
,Mobp,,,,,
,Mocs1,,,,,
,Mog,,,,,
,Morc1,,,,,
,Morf4l1,,,,,
,Morn5,,,,,
,Mos,,,,,
,Mpdz,,,,,
,Mphosph6,,,,,
,Mplkip,,,,,
,Mpp6,,,,,
,Mpp7,,,,,
,Mpped2,,,,,
,Mpv17l,,,,,
,Mreg,,,,,
,Mrgbp,,,,,
,Mroh4,,,,,
,Mrp63,,,,,
,Mrpl1,,,,,
,Mrpl12,,,,,
,Mrpl14,,,,,
,Mrpl3,,,,,
,Mrpl39,,,,,
,Mrps24,,,,,
,Mrps27,,,,,
,Mrps30,,,,,
,Mrps31,,,,,
,Mrps5,,,,,
,Mrps6,,,,,
,Mrto4,,,,,
,Ms4a10,,,,,
,Msantd2,,,,,
,Msh2,,,,,
,Msh6,,,,,
,Msi2,,,,,
,Msl1,,,,,
,Msl2,,,,,
,Msl3l2,,,,,
,Msmb,,,,,
,Msr1,,,,,
,Msra,,,,,
,Msrb2,,,,,
,Msx1,,,,,
,Msx2,,,,,
,Mta3,,,,,
,Mtbp,,,,,
,Mtdh,,,,,
,Mterfd1,,,,,
,Mtf1,,,,,
,Mtf2,,,,,
,Mtmr3,,,,,
,Mtnr1a,,,,,
,Mtnr1b,,,,,
,Mtr,,,,,
,Mtrf1l,,,,,
,Mtss1,,,,,
,Mtss1l,,,,,
,Mtus1,,,,,
,Mtx3,,,,,
,Muc16,,,,,
,Muc19,,,,,
,Mum1,,,,,
,Mum1l1,,,,,
,Murc,,,,,
,Mvb12b,,,,,
,Myadm,,,,,
,Myb,,,,,
,Myc,,,,,
,Mycbp2,,,,,
,Mycl1,,,,,
,Myh9,,,,,
,Myl1,,,,,
,Myl12a,,,,,
,Mylip,,,,,
,Mylk,,,,,
,Mylk3,,,,,
,Myo10,,,,,
,Myo15b,,,,,
,Myo16,,,,,
,Myo1b,,,,,
,Myo1e,,,,,
,Myo1f,,,,,
,Myo1h,,,,,
,Myo3b,,,,,
,Myo5b,,,,,
,Myo5c,,,,,
,Myod1,,,,,
,Myof,,,,,
,Myom2,,,,,
,Myom3,,,,,
,Myrip,,,,,
,Mysm1,,,,,
,Myt1l,,,,,
,Mzt1,,,,,
,Mzt2,,,,,
,N6amt2,,,,,
,NONE,,,,,
,Naa11,,,,,
,Naa40,,,,,
,Nabp1,,,,,
,Nacc2,,,,,
,Nadkd1,,,,,
,Nanos3,,,,,
,Napb,,,,,
,Narg2,,,,,
,Nars2,,,,,
,Nat3,,,,,
,Nav1,,,,,
,Nav2,,,,,
,Nav3,,,,,
,Nbas,,,,,
,Ncald,,,,,
,Ncam1,,,,,
,Ncf1,,,,,
,Ncf2,,,,,
,Nck2,,,,,
,Nckap5,,,,,
,Ncl,,,,,
,Ncoa1,,,,,
,Ncoa2,,,,,
,Ncoa3,,,,,
,Ncoa7,,,,,
,Ncor1,,,,,
,Ncor2,,,,,
,Ncrna00085,,,,,
,Ndc80,,,,,
,Ndfip1,,,,,
,Ndnf,,,,,
,Ndrg1,,,,,
,Ndst1,,,,,
,Ndst4,,,,,
,Ndufa11,,,,,
,Ndufa13,,,,,
,Ndufa8,,,,,
,Ndufaf2,,,,,
,Ndufaf6,,,,,
,Ndufb3,,,,,
,Ndufb9,,,,,
,Ndufs1,,,,,
,Ndufs4,,,,,
,Nebl,,,,,
,Nedd4,,,,,
,Nedd4l,,,,,
,Nefh,,,,,
,Nefl,,,,,
,Neil3,,,,,
,Nek6,,,,,
,Nek7,,,,,
,Nek9,,,,,
,Nelfa,,,,,
,Nelfcd,,,,,
,Nell1,,,,,
,Nenf,,,,,
,Nes,,,,,
,Net1,,,,,
,Neurl1a,,,,,
,Neurl1b,,,,,
,Neurod6,,,,,
,Nf2,,,,,
,Nfam1,,,,,
,Nfasc,,,,,
,Nfat5,,,,,
,Nfatc2,,,,,
,Nfib,,,,,
,Nfil3,,,,,
,Nfkb1,,,,,
,Nfkbia,,,,,
,Nfrkb,,,,,
,Nfu1,,,,,
,Nfyb,,,,,
,Nfyc,,,,,
,Ngdn,,,,,
,Ngfr,,,,,
,Ngly1,,,,,
,Nhej1,,,,,
,Nhsl1,,,,,
,Nipal4,,,,,
,Nipbl,,,,,
,Nkain1,,,,,
,Nkain4,,,,,
,Nkd2,,,,,
,Nkiras2,,,,,
,Nkx1-1,,,,,
,Nkx2-4,,,,,
,Nkx6-1,,,,,
,Nlrc5,,,,,
,Nlrp12,,,,,
,Nlrp1b,,,,,
,Nlrp3,,,,,
,Nlrp4a,,,,,
,Nlrp9a,,,,,
,Nmbr,,,,,
,Nme5,,,,,
,Nmnat2,,,,,
,Nmrk1,,,,,
,Nnat,,,,,
,Nod1,,,,,
,Nog,,,,,
,Nol11,,,,,
,Nol7,,,,,
,Nolc1,,,,,
,Nomo1,,,,,
,Nop58,,,,,
,Notch3,,,,,
,Notum,,,,,
,Nova1,,,,,
,Npas3,,,,,
,Npbwr1,,,,,
,Npepl1,,,,,
,Npffr1,,,,,
,Npffr2,,,,,
,Nphp3,,,,,
,Npn2,,,,,
,Npnt,,,,,
,Nptx2,,,,,
,Nr1d1,,,,,
,Nr1i2,,,,,
,Nr2e3,,,,,
,Nr2f6,,,,,
,Nr3c1,,,,,
,Nr4a1,,,,,
,Nr5a1,,,,,
,Nr5a2,,,,,
,Nrde2,,,,,
,Nrf1,,,,,
,Nrg1,,,,,
,Nrg2,,,,,
,Nrg4,,,,,
,Nrn1,,,,,
,Nrp1,,,,,
,Nrsn1,,,,,
,Nrtn,,,,,
,Nsd1,,,,,
,Nsmaf,,,,,
,Nsmce2,,,,,
,Nsun6,,,,,
,Nsun7,,,,,
,Nt5e,,,,,
,Ntan1,,,,,
,Ntf3,,,,,
,Ntm,,,,,
,Ntn4,,,,,
,Ntng1,,,,,
,Ntpcr,,,,,
,Ntrk2,,,,,
,Ntsr1,,,,,
,Nuak1,,,,,
,Nucb2,,,,,
,Nudcd3,,,,,
,Nudt3,,,,,
,Nudt4,,,,,
,Nudt5,,,,,
,Nudt6,,,,,
,Nudt7,,,,,
,Nudt9,,,,,
,Nufip1,,,,,
,Numa1,,,,,
,Nup107,,,,,
,Nup210,,,,,
,Nup210l,,,,,
,Nup54,,,,,
,Nup98,,,,,
,Nupl2,,,,,
,Nwd1,,,,,
,Nxn,,,,,
,Nxph3,,,,,
,Nxph4,,,,,
,Oacyl,,,,,
,Oaf,,,,,
,Oaz2,,,,,
,Obsl1,,,,,
,Oc90,,,,,
,Oca2,,,,,
,Ocel1,,,,,
,Ociad2,,,,,
,Ofcc1,,,,,
,Ogdhl,,,,,
,Ogfod1,,,,,
,Oit1,,,,,
,Olfr129,,,,,
,Olfr1338,,,,,
,Olfr1339,,,,,
,Olfr1342,,,,,
,Olfr1368,,,,,
,Olfr1370,,,,,
,Olfr153,,,,,
,Olfr19,,,,,
,Olfr222,,,,,
,Olfr24,,,,,
,Olfr267,,,,,
,Olfr275,,,,,
,Olfr412,,,,,
,Olfr477,,,,,
,Olfr478,,,,,
,Olfr62,,,,,
,Olfr718-ps1,,,,,
,Olfr750,,,,,
,Olfr761,,,,,
,Onecut2,,,,,
,Opa1,,,,,
,Opcml,,,,,
,Opn4,,,,,
,Oprd1,,,,,
,Optn,,,,,
,Oraov1,,,,,
,Orc5,,,,,
,Osbpl10,,,,,
,Osbpl11,,,,,
,Osbpl1a,,,,,
,Osbpl3,,,,,
,Osbpl9,,,,,
,Osgin2,,,,,
,Osmr,,,,,
,Otoa,,,,,
,Otog,,,,,
,Otor,,,,,
,Otp,,,,,
,Otud1,,,,,
,Otud7a,,,,,
,Otx1,,,,,
,Otx2,,,,,
,Oxa1l,,,,,
,Oxr1,,,,,
,Oxsr1,,,,,
,Oxtr,,,,,
,P2rx5,,,,,
,P4ha1,,,,,
,Pacrg,,,,,
,Pacs1,,,,,
,Paf1,,,,,
,Pag1,,,,,
,Paics,,,,,
,Pak1ip1,,,,,
,Palld,,,,,
,Pank3,,,,,
,Papd5,,,,,
,Papola,,,,,
,Papolg,,,,,
,Pappa,,,,,
,Papss2,,,,,
,Paqr3,,,,,
,Pard3,,,,,
,Pard3b,,,,,
,Pard6b,,,,,
,Pard6g,,,,,
,Park2,,,,,
,Parp1,,,,,
,Parp11,,,,,
,Parp14,,,,,
,Parp16,,,,,
,Parp6,,,,,
,Parp9,,,,,
,Parva,,,,,
,Parvb,,,,,
,Parvg,,,,,
,Pawr,,,,,
,Pax2,,,,,
,Pax3,,,,,
,Pax6,,,,,
,Pax9,,,,,
,Pbld1,,,,,
,Pbx3,,,,,
,Pbx4,,,,,
,Pcbd1,,,,,
,Pccb,,,,,
,Pcdh1,,,,,
,Pcdh15,,,,,
,Pcdh17,,,,,
,Pcdh8,,,,,
,Pcdhga11,,,,,
,Pcmtd1,,,,,
,Pcnp,,,,,
,Pcnx,,,,,
,Pcnxl2,,,,,
,Pcnxl4,,,,,
,Pcp4,,,,,
,Pcsk2,,,,,
,Pdcd4,,,,,
,Pdcd6ip,,,,,
,Pdcd7,,,,,
,Pdcl2,,,,,
,Pde11a,,,,,
,Pde3b,,,,,
,Pde4b,,,,,
,Pde4d,,,,,
,Pde6d,,,,,
,Pde7b,,,,,
,Pde8b,,,,,
,Pde9a,,,,,
,Pdgfa,,,,,
,Pdgfra,,,,,
,Pdgfrl,,,,,
,Pdia4,,,,,
,Pdk1,,,,,
,Pdp2,,,,,
,Pdpk1,,,,,
,Pdpn,,,,,
,Pdpr,,,,,
,Pds5a,,,,,
,Pdss2,,,,,
,Pdxk,,,,,
,Pdyn,,,,,
,Pdzd2,,,,,
,Pdzrn3,,,,,
,Pea15a,,,,,
,Pecam1,,,,,
,Pecr,,,,,
,Peg10,,,,,
,Peg12,,,,,
,Peli1,,,,,
,Peli2,,,,,
,Pelo,,,,,
,Pet112,,,,,
,Pex11c,,,,,
,Pex12,,,,,
,Pex2,,,,,
,Pex26,,,,,
,Pex7,,,,,
,Pfkp,,,,,
,Pfn1,,,,,
,Pgap1,,,,,
,Pglyrp4,,,,,
,Pgm1,,,,,
,Pgpep1l,,,,,
,Pgr,,,,,
,Pgrmc2,,,,,
,Pgs1,,,,,
,Phax,,,,,
,Phex,,,,,
,Phf11c,,,,,
,Phf11d,,,,,
,Phf17,,,,,
,Phf19,,,,,
,Phf20,,,,,
,Phf21a,,,,,
,Phf3,,,,,
,Phf6,,,,,
,Phf8,,,,,
,Phkb,,,,,
,Phlda1,,,,,
,Phlpp2,,,,,
,Phox2b,,,,,
,Phyhipl,,,,,
,Picalm,,,,,
,Pigl,,,,,
,Pigm,,,,,
,Pigv,,,,,
,Pigw,,,,,
,Pik3ap1,,,,,
,Pik3c2b,,,,,
,Pik3c3,,,,,
,Pik3cb,,,,,
,Pik3cd,,,,,
,Pik3ip1,,,,,
,Pik3r4,,,,,
,Pim1,,,,,
,Pinx1,,,,,
,Pip5k1b,,,,,
,Pirt,,,,,
,Pitpnc1,,,,,
,Pitpnm2,,,,,
,Pitrm1,,,,,
,Pitx1,,,,,
,Pitx2,,,,,
,Pja2,,,,,
,Pkd1l1,,,,,
,Pkd1l2,,,,,
,Pkd2,,,,,
,Pkdcc,,,,,
,Pkia,,,,,
,Pkm,,,,,
,Pknox2,,,,,
,Pkp4,,,,,
,Pla1a,,,,,
,Pla2g10,,,,,
,Pla2g1b,,,,,
,Pla2g2c,,,,,
,Pla2g3,,,,,
,Pla2g4b,,,,,
,Pla2g4e,,,,,
,Pla2g5,,,,,
,Pla2r1,,,,,
,Plac1,,,,,
,Plagl1,,,,,
,Plau,,,,,
,Plb1,,,,,
,Plcb1,,,,,
,Plcb4,,,,,
,Plcg2,,,,,
,Plch1,,,,,
,Plcl1,,,,,
,Pld1,,,,,
,Pld5,,,,,
,Plekha1,,,,,
,Plekha2,,,,,
,Plekha5,,,,,
,Plekha7,,,,,
,Plekhb1,,,,,
,Plekhb2,,,,,
,Plekhf2,,,,,
,Plekhg1,,,,,
,Plekhg5,,,,,
,Plekhh1,,,,,
,Plekhm1,,,,,
,Plgrkt,,,,,
,Plin2,,,,,
,Plin3,,,,,
,Plk1s1,,,,,
,Pln,,,,,
,Plod2,,,,,
,Plscr1,,,,,
,Plscr2,,,,,
,Plvap,,,,,
,Plxna1,,,,,
,Plxna4,,,,,
,Plxnc1,,,,,
,Plxnd1,,,,,
,Pmaip1,,,,,
,Pmfbp1,,,,,
,Pmm1,,,,,
,Pmp22,,,,,
,Pnlip,,,,,
,Pnp,,,,,
,Pnpla7,,,,,
,Poc1b,,,,,
,Podxl,,,,,
,Poglut1,,,,,
,Pola2,,,,,
,Polg,,,,,
,Poli,,,,,
,Polr1d,,,,,
,Polr2a,,,,,
,Polr3e,,,,,
,Polr3gl,,,,,
,Pomc,,,,,
,Pon1,,,,,
,Pon2,,,,,
,Popdc3,,,,,
,Pou3f3,,,,,
,Pou4f1,,,,,
,Pou4f3,,,,,
,Pou6f2,,,,,
,Pp2d1,,,,,
,Ppap2b,,,,,
,Ppfibp2,,,,,
,Ppip5k2,,,,,
,Ppm1a,,,,,
,Ppm1e,,,,,
,Ppm1l,,,,,
,Ppp1cb,,,,,
,Ppp1r10,,,,,
,Ppp1r15b,,,,,
,Ppp1r3b,,,,,
,Ppp1r9a,,,,,
,Ppp2ca,,,,,
,Ppp2r1a,,,,,
,Ppp2r1b,,,,,
,Ppp2r2a,,,,,
,Ppp2r4,,,,,
,Ppp2r5a,,,,,
,Ppp2r5c,,,,,
,Ppp4r2,,,,,
,Ppp6r1,,,,,
,Ppp6r3,,,,,
,Pprc1,,,,,
,Pptc7,,,,,
,Pqlc2,,,,,
,Pramel6,,,,,
,Prcp,,,,,
,Prdm1,,,,,
,Prdm13,,,,,
,Prdm14,,,,,
,Prdm2,,,,,
,Prdm9,,,,,
,Prdx6,,,,,
,Prep,,,,,
,Prex2,,,,,
,Prickle1,,,,,
,Prickle2,,,,,
,Prkaca,,,,,
,Prkag2,,,,,
,Prkar2a,,,,,
,Prkcd,,,,,
,Prkce,,,,,
,Prkd1,,,,,
,Prkdc,,,,,
,Prkg1,,,,,
,Prl2c2,,,,,
,Prl2c3,,,,,
,Prl5a1,,,,,
,Prmt10,,,,,
,Prmt2,,,,,
,Proca1,,,,,
,Procr,,,,,
,Prok2,,,,,
,Prokr2,,,,,
,Prom1,,,,,
,Prosc,,,,,
,Prox1,,,,,
,Proz,,,,,
,Prpf18,,,,,
,Prpf4b,,,,,
,Prr14,,,,,
,Prr15,,,,,
,Prrg2,,,,,
,Prss52,,,,,
,Prss54,,,,,
,Prune2,,,,,
,Psapl1,,,,,
,Psat1,,,,,
,Psd2,,,,,
,Psd3,,,,,
,Psma1,,,,,
,Psmb7,,,,,
,Psmd5,,,,,
,Psmd6,,,,,
,Psmd7,,,,,
,Psme4,,,,,
,Psmf1,,,,,
,Psmg1,,,,,
,Psmg4,,,,,
,Psph,,,,,
,Pstpip1,,,,,
,Ptbp2,,,,,
,Ptbp3,,,,,
,Ptch2,,,,,
,Pten,,,,,
,Ptf1a,,,,,
,Ptger2,,,,,
,Ptger3,,,,,
,Ptger4,,,,,
,Ptges,,,,,
,Ptgfrn,,,,,
,Ptgis,,,,,
,Ptgr2,,,,,
,Ptgs1,,,,,
,Ptk2,,,,,
,Ptk2b,,,,,
,Ptma,,,,,
,Ptp4a1,,,,,
,Ptp4a2,,,,,
,Ptpn12,,,,,
,Ptpn13,,,,,
,Ptpn14,,,,,
,Ptpn2,,,,,
,Ptpn22,,,,,
,Ptpn3,,,,,
,Ptprb,,,,,
,Ptpre,,,,,
,Ptprg,,,,,
,Ptprn2,,,,,
,Ptpro,,,,,
,Ptprz1,,,,,
,Ptrf,,,,,
,Ptx3,,,,,
,Pum1,,,,,
,Pura,,,,,
,Pus10,,,,,
,Pvrl1,,,,,
,Pvrl3,,,,,
,Pwp1,,,,,
,Pxdn,,,,,
,Pxk,,,,,
,Pycr2,,,,,
,Pygl,,,,,
,Pyroxd2,,,,,
,Qk,,,,,
,Qrfpr,,,,,
,R3hdm2,,,,,
,R3hdml,,,,,
,Rab1,,,,,
,Rab11fip2,,,,,
,Rab11fip4,,,,,
,Rab17,,,,,
,Rab20,,,,,
,Rab23,,,,,
,Rab24,,,,,
,Rab27a,,,,,
,Rab30,,,,,
,Rab38,,,,,
,Rab3b,,,,,
,Rab3gap2,,,,,
,Rab4a,,,,,
,Rab6b,,,,,
,Rab7,,,,,
,Rab7l1,,,,,
,Rabac1,,,,,
,Rabl5,,,,,
,Rac2,,,,,
,Rad21,,,,,
,Rad23b,,,,,
,Rad51ap2,,,,,
,Rad51b,,,,,
,Rad51d,,,,,
,Rad9b,,,,,
,Rai1,,,,,
,Rai14,,,,,
,Ralgapa2,,,,,
,Ralgds,,,,,
,Ramp3,,,,,
,Rap1b,,,,,
,Rap1gap,,,,,
,Rap1gap2,,,,,
,Rapgef1,,,,,
,Rapgef2,,,,,
,Rapgef4,,,,,
,Rapgef5,,,,,
,Rapgef6,,,,,
,Rapsn,,,,,
,Rarb,,,,,
,Rarg,,,,,
,Rarres1,,,,,
,Rars2,,,,,
,Rasa2,,,,,
,Rasgrp3,,,,,
,Rasl11a,,,,,
,Rassf1,,,,,
,Rassf2,,,,,
,Rassf3,,,,,
,Rb1cc1,,,,,
,Rbbp5,,,,,
,Rbbp7,,,,,
,Rbbp8,,,,,
,Rbck1,,,,,
,Rbfa,,,,,
,Rbfox1,,,,,
,Rbfox2,,,,,
,Rbfox3,,,,,
,Rbl1,,,,,
,Rbm11,,,,,
,Rbm14,,,,,
,Rbm18,,,,,
,Rbm20,,,,,
,Rbm39,,,,,
,Rbm41,,,,,
,Rbm43,,,,,
,Rbm45,,,,,
,Rbm47,,,,,
,Rbm4b,,,,,
,Rbms1,,,,,
,Rbms3,,,,,
,Rbmxl2,,,,,
,Rbpj,,,,,
,Rbpms,,,,,
,Rbpms2,,,,,
,Rchy1,,,,,
,Rcn2,,,,,
,Rcor1,,,,,
,Rcor2,,,,,
,Rd3,,,,,
,Rdm1,,,,,
,Rdx,,,,,
,Rec8,,,,,
,Reep2,,,,,
,Reep3,,,,,
,Rel,,,,,
,Rell1,,,,,
,Reln,,,,,
,Ren1,,,,,
,Rerg,,,,,
,Rfc5,,,,,
,Rffl,,,,,
,Rfx3,,,,,
,Rfx4,,,,,
,Rgl1,,,,,
,Rgs12,,,,,
,Rgs17,,,,,
,Rgs20,,,,,
,Rgs3,,,,,
,Rhbg,,,,,
,Rhcg,,,,,
,Rhobtb2,,,,,
,Rhobtb3,,,,,
,Rhou,,,,,
,Rhpn2,,,,,
,Ric8b,,,,,
,Rictor,,,,,
,Rimbp3,,,,,
,Rimkla,,,,,
,Rims2,,,,,
,Riok1,,,,,
,Ripk2,,,,,
,Ripply3,,,,,
,Rit2,,,,,
,Rln1,,,,,
,Rmdn2,,,,,
,Rnase12,,,,,
,Rnd3,,,,,
,Rnf114,,,,,
,Rnf125,,,,,
,Rnf138,,,,,
,Rnf144b,,,,,
,Rnf150,,,,,
,Rnf152,,,,,
,Rnf157,,,,,
,Rnf181,,,,,
,Rnf182,,,,,
,Rnf185,,,,,
,Rnf213,,,,,
,Rnf214,,,,,
,Rnf216,,,,,
,Rnf220,,,,,
,Rnf26,,,,,
,Rnf32,,,,,
,Rnf34,,,,,
,Rnf4,,,,,
,Rnf7,,,,,
,Rngtt,,,,,
,Rnls,,,,,
,Rnmtl1,,,,,
,Robo1,,,,,
,Ror2,,,,,
,Rora,,,,,
,Rp1,,,,,
,Rpa1,,,,,
,Rpap3,,,,,
,Rpf1,,,,,
,Rpgrip1l,,,,,
,Rpia,,,,,
,Rpl10-ps3,,,,,
,Rpl10a,,,,,
,Rpl10l,,,,,
,Rpl11,,,,,
,Rpl14,,,,,
,Rpl19,,,,,
,Rpl23,,,,,
,Rpl24,,,,,
,Rpl36-ps3,,,,,
,Rpl38,,,,,
,Rpl8,,,,,
,Rplp1,,,,,
,Rpn1,,,,,
,Rpn2,,,,,
,Rpp21,,,,,
,Rpp40,,,,,
,Rprd2,,,,,
,Rps2-ps6,,,,,
,Rps24,,,,,
,Rps26,,,,,
,Rps26-ps1,,,,,
,Rps3a2,,,,,
,Rps4y2,,,,,
,Rps6ka1,,,,,
,Rps6ka5,,,,,
,Rps6kc1,,,,,
,Rps8,,,,,
,Rptor,,,,,
,Rragd,,,,,
,Rrm1,,,,,
,Rrm2,,,,,
,Rrm2b,,,,,
,Rrn3,,,,,
,Rrp1b,,,,,
,Rrs1,,,,,
,Rsbn1l,,,,,
,Rsl24d1,,,,,
,Rsph3b,,,,,
,Rspo3,,,,,
,Rspo4,,,,,
,Rsu1,,,,,
,Rtel1,,,,,
,Rtf1,,,,,
,Rtkn2,,,,,
,Rtn1,,,,,
,Rtn4,,,,,
,Rtn4rl1,,,,,
,Rufy1,,,,,
,Runx1,,,,,
,Runx1t1,,,,,
,Rusc2,,,,,
,Ruvbl1,,,,,
,Rwdd3,,,,,
,Rwdd4a,,,,,
,Rxfp4,,,,,
,Rxra,,,,,
,Rybp,,,,,
,Ryr2,,,,,
,S100a10,,,,,
,Saa2,,,,,
,Sacm1l,,,,,
,Sae1,,,,,
,Sall1,,,,,
,Sall3,,,,,
,Sall4,,,,,
,Samd1,,,,,
,Samd4b,,,,,
,Samd7,,,,,
,Samt3,,,,,
,Sap25,,,,,
,Sap30,,,,,
,Sash1,,,,,
,Satb2,,,,,
,Saysd1,,,,,
,Sbspon,,,,,
,Scaf11,,,,,
,Scaf8,,,,,
,Scamp1,,,,,
,Scaper,,,,,
,Scarb2,,,,,
,Sccpdh,,,,,
,Scd2,,,,,
,Scd3,,,,,
,Scd4,,,,,
,Scel,,,,,
,Scgb1a1,,,,,
,Scgb3a1,,,,,
,Schip1,,,,,
,Sclt1,,,,,
,Scmh1,,,,,
,Scml2,,,,,
,Scml4,,,,,
,Scn3a,,,,,
,Scrn1,,,,,
,Scrn3,,,,,
,Scrt2,,,,,
,Scyl1,,,,,
,Sdc1,,,,,
,Sdc3,,,,,
,Sdf2,,,,,
,Sdk1,,,,,
,Sdk2,,,,,
,Sdpr,,,,,
,Sdr42e1,,,,,
,Sec11c,,,,,
,Sec16b,,,,,
,Sec23a,,,,,
,Sec31a,,,,,
,Sec61a1,,,,,
,Sec61g,,,,,
,Sec63,,,,,
,Sele,,,,,
,Selm,,,,,
,Selrc1,,,,,
,Sema3b,,,,,
,Sema3d,,,,,
,Sema3e,,,,,
,Sema4b,,,,,
,Sema6a,,,,,
,Sema6d,,,,,
,Sema7a,,,,,
,Senp2,,,,,
,Sepn1,,,,,
,1-Sep,,,,,
,10-Sep,,,,,
,11-Sep,,,,,
,9-Sep,,,,,
,Serbp1,,,,,
,Serf1,,,,,
,Serhl,,,,,
,Serinc1,,,,,
,Serp2,,,,,
,Serpinc1,,,,,
,Serping1,,,,,
,Serpinh1,,,,,
,Serpini1,,,,,
,Sertad2,,,,,
,Sertm1,,,,,
,Sesn1,,,,,
,Sesn2,,,,,
,Sesn3,,,,,
,Sestd1,,,,,
,Setbp1,,,,,
,Setd1b,,,,,
,Setd7,,,,,
,Setmar,,,,,
,Sf3b3,,,,,
,Sf3b4,,,,,
,Sfmbt2,,,,,
,Sfrp1,,,,,
,Sfrp2,,,,,
,Sfrp4,,,,,
,Sfxn3,,,,,
,Sfxn5,,,,,
,Sgce,,,,,
,Sgip1,,,,,
,Sgk1,,,,,
,Sgk3,,,,,
,Sgms1,,,,,
,Sgms2,,,,,
,Sh2d4a,,,,,
,Sh2d4b,,,,,
,Sh3bgrl2,,,,,
,Sh3bp4,,,,,
,Sh3gl2,,,,,
,Sh3pxd2a,,,,,
,Sh3pxd2b,,,,,
,Sh3rf1,,,,,
,Sh3tc1,,,,,
,Sh3tc2,,,,,
,Shank2,,,,,
,Shb,,,,,
,She,,,,,
,Shf,,,,,
,Shfm1,,,,,
,Shisa2,,,,,
,Shisa3,,,,,
,Shisa5,,,,,
,Shoc2,,,,,
,Shprh,,,,,
,Shq1,,,,,
,Shroom2,,,,,
,Shroom4,,,,,
,Siah1a,,,,,
,Siah3,,,,,
,Sidt1,,,,,
,Siglec5,,,,,
,Sik1,,,,,
,Sik2,,,,,
,Sil1,,,,,
,Sim1,,,,,
,Sin3b,,,,,
,Sipa1l1,,,,,
,Sipa1l3,,,,,
,Sirpa,,,,,
,Sirt1,,,,,
,Sirt4,,,,,
,Sirt6,,,,,
,Six2,,,,,
,Six3,,,,,
,Skap1,,,,,
,Skap2,,,,,
,Skp2,,,,,
,Slain2,,,,,
,Slamf9,,,,,
,Slc10a4,,,,,
,Slc10a7,,,,,
,Slc12a5,,,,,
,Slc12a7,,,,,
,Slc12a8,,,,,
,Slc14a2,,,,,
,Slc16a14,,,,,
,Slc16a7,,,,,
,Slc16a9,,,,,
,Slc17a5,,,,,
,Slc18b1,,,,,
,Slc19a1,,,,,
,Slc19a3,,,,,
,Slc1a1,,,,,
,Slc1a2,,,,,
,Slc1a3,,,,,
,Slc1a4,,,,,
,Slc20a1,,,,,
,Slc20a2,,,,,
,Slc22a13,,,,,
,Slc22a16,,,,,
,Slc22a22,,,,,
,Slc22a23,,,,,
,Slc23a2,,,,,
,Slc24a2,,,,,
,Slc24a5,,,,,
,Slc25a12,,,,,
,Slc25a13,,,,,
,Slc25a17,,,,,
,Slc25a19,,,,,
,Slc25a21,,,,,
,Slc25a26,,,,,
,Slc25a27,,,,,
,Slc25a36,,,,,
,Slc25a40,,,,,
,Slc25a48,,,,,
,Slc25a5,,,,,
,Slc25a51,,,,,
,Slc26a11,,,,,
,Slc26a4,,,,,
,Slc26a5,,,,,
,Slc26a7,,,,,
,Slc27a4,,,,,
,Slc28a3,,,,,
,Slc29a3,,,,,
,Slc2a1,,,,,
,Slc2a10,,,,,
,Slc2a13,,,,,
,Slc2a3,,,,,
,Slc31a2,,,,,
,Slc35a1,,,,,
,Slc35b3,,,,,
,Slc35b4,,,,,
,Slc35d3,,,,,
,Slc35f1,,,,,
,Slc35f2,,,,,
,Slc35f3,,,,,
,Slc35f4,,,,,
,Slc35f6,,,,,
,Slc35g1,,,,,
,Slc36a1,,,,,
,Slc37a1,,,,,
,Slc38a1,,,,,
,Slc38a10,,,,,
,Slc38a11,,,,,
,Slc38a2,,,,,
,Slc38a3,,,,,
,Slc38a4,,,,,
,Slc38a6,,,,,
,Slc38a8,,,,,
,Slc39a10,,,,,
,Slc39a11,,,,,
,Slc44a3,,,,,
,Slc45a4,,,,,
,Slc4a1,,,,,
,Slc4a3,,,,,
,Slc4a9,,,,,
,Slc5a4a,,,,,
,Slc5a4b,,,,,
,Slc5a5,,,,,
,Slc6a15,,,,,
,Slc6a20b,,,,,
,Slc6a5,,,,,
,Slc7a1,,,,,
,Slc7a11,,,,,
,Slc7a14,,,,,
,Slc8a1,,,,,
,Slco2a1,,,,,
,Slco3a1,,,,,
,Slco5a1,,,,,
,Slit3,,,,,
,Slmo1,,,,,
,Sln,,,,,
,Sltm,,,,,
,Smad7,,,,,
,Smagp,,,,,
,Smarca2,,,,,
,Smarcad1,,,,,
,Smarcd2,,,,,
,Smc5,,,,,
,Smc6,,,,,
,Smchd1,,,,,
,Smg7,,,,,
,Smim12,,,,,
,Smim15,,,,,
,Smim20,,,,,
,Smim8,,,,,
,Smndc1,,,,,
,Smoc2,,,,,
,Smok4a,,,,,
,Smpdl3b,,,,,
,Sms,,,,,
,Smtn,,,,,
,Smtnl1,,,,,
,Smtnl2,,,,,
,Smu1,,,,,
,Smyd1,,,,,
,Smyd2,,,,,
,Smyd3,,,,,
,Snai1,,,,,
,Snapc3,,,,,
,Sncg,,,,,
,Snhg11,,,,,
,Snrk,,,,,
,Snrnp48,,,,,
,Snrpb,,,,,
,Snrpe,,,,,
,Snrpn,,,,,
,Sntb2,,,,,
,Sntg1,,,,,
,Snx1,,,,,
,Snx10,,,,,
,Snx13,,,,,
,Snx14,,,,,
,Snx18,,,,,
,Snx19,,,,,
,Socs2,,,,,
,Socs3,,,,,
,Sod3,,,,,
,Soga2,,,,,
,Sorcs1,,,,,
,Sorl1,,,,,
,Sost,,,,,
,Sowahb,,,,,
,Sox13,,,,,
,Sox2,,,,,
,Sox3,,,,,
,Sox4,,,,,
,Sox5,,,,,
,Sox6,,,,,
,Sox9,,,,,
,Sp1,,,,,
,Sp2,,,,,
,Sp3,,,,,
,Sp4,,,,,
,Sp5,,,,,
,Sp6,,,,,
,Sp7,,,,,
,Sp8,,,,,
,Sp9,,,,,
,Spaca3,,,,,
,Spaca7,,,,,
,Spag6,,,,,
,Sparc,,,,,
,Sparcl1,,,,,
,Spata16,,,,,
,Spata18,,,,,
,Spata24,,,,,
,Spata6,,,,,
,Spats2l,,,,,
,Spc24,,,,,
,Spdl1,,,,,
,Specc1,,,,,
,Specc1l,,,,,
,Speer2,,,,,
,Speer3,,,,,
,Speer4b,,,,,
,Spen,,,,,
,Spert,,,,,
,Spesp1,,,,,
,Spg7,,,,,
,Spin1,,,,,
,Spink2,,,,,
,Spire1,,,,,
,Spns3,,,,,
,Spocd1,,,,,
,Spock1,,,,,
,Spock2,,,,,
,Spop,,,,,
,Spp2,,,,,
,Sppl2a,,,,,
,Sppl2b,,,,,
,Spry4,,,,,
,Spsb4,,,,,
,Sptbn1,,,,,
,Sptlc1,,,,,
,Sqle,,,,,
,Srbd1,,,,,
,Src,,,,,
,Srebf2,,,,,
,Srp9,,,,,
,Srprb,,,,,
,Srrm3,,,,,
,Srrm4,,,,,
,Srrt,,,,,
,Srsf10,,,,,
,Srsf3,,,,,
,Srsf9,,,,,
,Ss18,,,,,
,Ssbp2,,,,,
,Ssr2,,,,,
,Ssr3,,,,,
,Sstr4,,,,,
,Ssu72,,,,,
,Ssx2ip,,,,,
,St13,,,,,
,St18,,,,,
,St3gal1,,,,,
,St3gal6,,,,,
,St5,,,,,
,St6gal1,,,,,
,St6galnac1,,,,,
,St6galnac2,,,,,
,St6galnac3,,,,,
,St6galnac5,,,,,
,St7,,,,,
,St8sia6,,,,,
,Stac,,,,,
,Stac2,,,,,
,Stac3,,,,,
,Stard3nl,,,,,
,Stat3,,,,,
,Stat4,,,,,
,Stat5a,,,,,
,Steap1,,,,,
,Steap2,,,,,
,Stim1,,,,,
,Stim2,,,,,
,Stk17b,,,,,
,Stk30,,,,,
,Stoml1,,,,,
,Stoml3,,,,,
,Stox2,,,,,
,Strap,,,,,
,Strbp,,,,,
,Strip2,,,,,
,Stt3b,,,,,
,Stx17,,,,,
,Stx18,,,,,
,Stx8,,,,,
,Stxbp3a,,,,,
,Styk1,,,,,
,Sulf1,,,,,
,Sult4a1,,,,,
,Sumf1,,,,,
,Supt20,,,,,
,Susd1,,,,,
,Suv420h1,,,,,
,Suz12,,,,,
,Sv2b,,,,,
,Svep1,,,,,
,Svip,,,,,
,Swap70,,,,,
,Syk,,,,,
,Syn3,,,,,
,Syndig1,,,,,
,Syne1,,,,,
,Syne3,,,,,
,Synm,,,,,
,Synrg,,,,,
,Syt1,,,,,
,Syt16,,,,,
,Syt2,,,,,
,Syt7,,,,,
,Syt9,,,,,
,Sytl3,,,,,
,Taar5,,,,,
,Taar6,,,,,
,Tab1,,,,,
,Tacr1,,,,,
,Tacr3,,,,,
,Taf12,,,,,
,Taf5l,,,,,
,Tanc1,,,,,
,Tanc2,,,,,
,Taok1,,,,,
,Tapt1,,,,,
,Tardbp,,,,,
,Tas2r134,,,,,
,Tas2r143,,,,,
,Tasp1,,,,,
,Tatdn2,,,,,
,Tax1bp1,,,,,
,Tbc1d1,,,,,
,Tbc1d2,,,,,
,Tbc1d23,,,,,
,Tbc1d2b,,,,,
,Tbc1d30,,,,,
,Tbc1d7,,,,,
,Tbc1d8,,,,,
,Tbc1d9,,,,,
,Tbc1d9b,,,,,
,Tbca,,,,,
,Tbcb,,,,,
,Tbck,,,,,
,Tbk1,,,,,
,Tbl1xr1,,,,,
,Tbx15,,,,,
,Tbx18,,,,,
,Tbx3,,,,,
,Tbx4,,,,,
,Tbx5,,,,,
,Tcam1,,,,,
,Tcerg1,,,,,
,Tcerg1l,,,,,
,Tcf12,,,,,
,Tcf21,,,,,
,Tcf4,,,,,
,Tcf7l1,,,,,
,Tcf7l2,,,,,
,Tcl1,,,,,
,Tcof1,,,,,
,Tcp11,,,,,
,Tctex1d1,,,,,
,Tctn2,,,,,
,Tdh,,,,,
,Tdp2,,,,,
,Tdpoz4,,,,,
,Tdrd3,,,,,
,Tdrd6,,,,,
,Tead1,,,,,
,Tead4,,,,,
,Tec,,,,,
,Tefm,,,,,
,Tenm1,,,,,
,Tenm2,,,,,
,Tenm3,,,,,
,Tenm4,,,,,
,Terf1,,,,,
,Tesk2,,,,,
,Tet1,,,,,
,Tet2,,,,,
,Tet3,,,,,
,Tex15,,,,,
,Tex2,,,,,
,Tex21,,,,,
,Tex29,,,,,
,Tex36,,,,,
,Tfap2c,,,,,
,Tfap2d,,,,,
,Tfap4,,,,,
,Tfcp2l1,,,,,
,Tfe3,,,,,
,Tfec,,,,,
,Tfpi,,,,,
,Tfrc,,,,,
,Tgfb2,,,,,
,Tgif1,,,,,
,Tha1,,,,,
,Thada,,,,,
,Thap1,,,,,
,Thap8,,,,,
,Thbd,,,,,
,Thbs2,,,,,
,Thg1l,,,,,
,Thoc2,,,,,
,Thra,,,,,
,Thsd4,,,,,
,Thsd7a,,,,,
,Thsd7b,,,,,
,Thy1,,,,,
,Tial1,,,,,
,Ticrr,,,,,
,Tie1,,,,,
,Timeless,,,,,
,Timm10,,,,,
,Timm22,,,,,
,Timmdc1,,,,,
,Timp3,,,,,
,Tiparp,,,,,
,Tipin,,,,,
,Tjp3,,,,,
,Tkt,,,,,
,Tle1,,,,,
,Tle3,,,,,
,Tle4,,,,,
,Tlk1,,,,,
,Tll1,,,,,
,Tln2,,,,,
,Tlr1,,,,,
,Tlr4,,,,,
,Tm4sf5,,,,,
,Tm9sf3,,,,,
,Tm9sf4,,,,,
,Tma16,,,,,
,Tmbim1,,,,,
,Tmc6,,,,,
,Tmc7,,,,,
,Tmcc1,,,,,
,Tmco4,,,,,
,Tmco5,,,,,
,Tmed1,,,,,
,Tmed10,,,,,
,Tmem100,,,,,
,Tmem108,,,,,
,Tmem11,,,,,
,Tmem131,,,,,
,Tmem132c,,,,,
,Tmem132d,,,,,
,Tmem135,,,,,
,Tmem140,,,,,
,Tmem150a,,,,,
,Tmem154,,,,,
,Tmem161b,,,,,
,Tmem167b,,,,,
,Tmem17,,,,,
,Tmem170,,,,,
,Tmem173,,,,,
,Tmem177,,,,,
,Tmem178,,,,,
,Tmem182,,,,,
,Tmem192,,,,,
,Tmem2,,,,,
,Tmem212,,,,,
,Tmem218,,,,,
,Tmem229a,,,,,
,Tmem229b,,,,,
,Tmem230,,,,,
,Tmem231,,,,,
,Tmem233,,,,,
,Tmem238,,,,,
,Tmem241,,,,,
,Tmem247,,,,,
,Tmem260,,,,,
,Tmem30c,,,,,
,Tmem33,,,,,
,Tmem38b,,,,,
,Tmem39a,,,,,
,Tmem40,,,,,
,Tmem45a,,,,,
,Tmem45b,,,,,
,Tmem51,,,,,
,Tmem53,,,,,
,Tmem55b,,,,,
,Tmem57,,,,,
,Tmem66,,,,,
,Tmem86b,,,,,
,Tmem98,,,,,
,Tmpo,,,,,
,Tmprss11a,,,,,
,Tmprss11d,,,,,
,Tmprss12,,,,,
,Tmprss13,,,,,
,Tmsb10,,,,,
,Tmsb4x,,,,,
,Tmtc1,,,,,
,Tmtc2,,,,,
,Tmx1,,,,,
,Tnf,,,,,
,Tnfaip8,,,,,
,Tnfrsf10b,,,,,
,Tnfrsf13c,,,,,
,Tnfrsf21,,,,,
,Tnfrsf25,,,,,
,Tnfsf11,,,,,
,Tnfsf18,,,,,
,Tnik,,,,,
,Tnip3,,,,,
,Tnk2,,,,,
,Tnks,,,,,
,Tnp1,,,,,
,Tnr,,,,,
,Tnrc6b,,,,,
,Tnrc6c,,,,,
,Tns1,,,,,
,Tns3,,,,,
,Tns4,,,,,
,Toe1,,,,,
,Tom1,,,,,
,Tomm20,,,,,
,Tomm20l,,,,,
,Tomm34,,,,,
,Tomm40l,,,,,
,Tomm6,,,,,
,Tomm7,,,,,
,Top2b,,,,,
,Top3b,,,,,
,Tor1b,,,,,
,Tor3a,,,,,
,Tox,,,,,
,Tox3,,,,,
,Tox4,,,,,
,Tpbg,,,,,
,Tpd52,,,,,
,Tpm1,,,,,
,Tpm2,,,,,
,Tpm3,,,,,
,Tpo,,,,,
,Tppp3,,,,,
,Tra2b,,,,,
,Traf3,,,,,
,Tram1,,,,,
,Tram2,,,,,
,Trap1a,,,,,
,Trappc8,,,,,
,Trat1,,,,,
,Trib1,,,,,
,Trib2,,,,,
,Trim15,,,,,
,Trim16,,,,,
,Trim2,,,,,
,Trim24,,,,,
,Trim26,,,,,
,Trim27,,,,,
,Trim29,,,,,
,Trim32,,,,,
,Trim33,,,,,
,Trim37,,,,,
,Trim41,,,,,
,Trim61,,,,,
,Trim7,,,,,
,Trim8,,,,,
,Trio,,,,,
,Trit1,,,,,
,Trmt10a,,,,,
,Trmt10b,,,,,
,Trmt13,,,,,
,Trmt2b,,,,,
,Trmu,,,,,
,Trp53,,,,,
,Trp53inp1,,,,,
,Trpc6,,,,,
,Trpc7,,,,,
,Trpd52l3,,,,,
,Trpm3,,,,,
,Trps1,,,,,
,Trub1,,,,,
,Tsc22d1,,,,,
,Tshz2,,,,,
,Tshz3,,,,,
,Tspan17,,,,,
,Tspan9,,,,,
,Tspyl3,,,,,
,Tsr2,,,,,
,Tsx,,,,,
,Ttbk2,,,,,
,Ttc17,,,,,
,Ttc19,,,,,
,Ttc23l,,,,,
,Ttc25,,,,,
,Ttc29,,,,,
,Ttc30a1,,,,,
,Ttc34,,,,,
,Ttc37,,,,,
,Ttc7b,,,,,
,Ttc8,,,,,
,Tti1,,,,,
,Ttll11,,,,,
,Ttll7,,,,,
,Ttn,,,,,
,Tuba1a,,,,,
,Tubb2a,,,,,
,Tubb2b,,,,,
,Tubb6,,,,,
,Tubd1,,,,,
,Tulp4,,,,,
,Tusc2,,,,,
,Txn2,,,,,
,Txndc16,,,,,
,Txndc8,,,,,
,Txnip,,,,,
,Txnrd1,,,,,
,Tyro3,,,,,
,Tyrp1,,,,,
,Tyw5,,,,,
,Uaca,,,,,
,Uap1,,,,,
,Ubac1,,,,,
,Ubald2,,,,,
,Ubap2,,,,,
,Ubash3b,,,,,
,Ube2cbp,,,,,
,Ube2d1,,,,,
,Ube2d3,,,,,
,Ube2g1,,,,,
,Ube2k,,,,,
,Ube2q2,,,,,
,Ube2r2,,,,,
,Ube2v2,,,,,
,Ube3a,,,,,
,Ubl3,,,,,
,Ubl7,,,,,
,Ubp1,,,,,
,Ubqln1,,,,,
,Ubr5,,,,,
,Ubtd1,,,,,
,Ubtf,,,,,
,Ubxn2b,,,,,
,Ubxn8,,,,,
,Uchl1,,,,,
,Ufl1,,,,,
,Ufsp1,,,,,
,Ugcg,,,,,
,Umps,,,,,
,Unc119b,,,,,
,Unc5a,,,,,
,Unc5b,,,,,
,Unc5cl,,,,,
,Unc5d,,,,,
,Uox,,,,,
,Upk1a,,,,,
,Uri1,,,,,
,Urm1,,,,,
,Ush2a,,,,,
,Uso1,,,,,
,Usp1,,,,,
,Usp13,,,,,
,Usp16,,,,,
,Usp20,,,,,
,Usp24,,,,,
,Usp26,,,,,
,Usp4,,,,,
,Usp46,,,,,
,Usp49,,,,,
,Usp6nl,,,,,
,Usp7,,,,,
,Usp9x,,,,,
,Utf1,,,,,
,Utp18,,,,,
,Utp6,,,,,
,Utrn,,,,,
,Uvrag,,,,,
,Vash1,,,,,
,Vav3,,,,,
,Vcl,,,,,
,Vdac3-ps1,,,,,
,Vegfa,,,,,
,Vgf,,,,,
,Vgll4,,,,,
,Vim,,,,,
,Vmn1r1,,,,,
,Vmn1r237,,,,,
,Vmo1,,,,,
,Vnn3,,,,,
,Vps13a,,,,,
,Vps36,,,,,
,Vps41,,,,,
,Vps45,,,,,
,Vps4a,,,,,
,Vps54,,,,,
,Vps8,,,,,
,Vps9d1,,,,,
,Vrk1,,,,,
,Vrk3,,,,,
,Vstm2a,,,,,
,Vstm2l,,,,,
,Vti1a,,,,,
,Vwa3a,,,,,
,Vwa3b,,,,,
,Vwa5b1,,,,,
,Vwa8,,,,,
,Vwc2,,,,,
,Vwf,,,,,
,Wac,,,,,
,Wapal,,,,,
,Wars2,,,,,
,Wasf2,,,,,
,Wasf3,,,,,
,Wbscr17,,,,,
,Wbscr27,,,,,
,Wdpcp,,,,,
,Wdr20a,,,,,
,Wdr20b,,,,,
,Wdr4,,,,,
,Wdr41,,,,,
,Wdr5,,,,,
,Wdr52,,,,,
,Wdr76,,,,,
,Wdsub1,,,,,
,Wee1,,,,,
,Whrn,,,,,
,Whsc1,,,,,
,Wif1,,,,,
,Wisp3,,,,,
,Wnk2,,,,,
,Wnt2,,,,,
,Wsb1,,,,,
,Wscd1,,,,,
,Wwc1,,,,,
,Wwox,,,,,
,Wwp2,,,,,
,Wwtr1,,,,,
,Xbp1,,,,,
,Xiap,,,,,
,Xirp1,,,,,
,Xkr4,,,,,
,Xkr5,,,,,
,Xkr6,,,,,
,Xkr7,,,,,
,Xkr8,,,,,
,Xpnpep2,,,,,
,Xpo1,,,,,
,Xpo4,,,,,
,Xrcc2,,,,,
,Xrcc4,,,,,
,Xrcc5,,,,,
,Xrn2,,,,,
,Xxylt1,,,,,
,Xylt1,,,,,
,Ybx3,,,,,
,Yeats2,,,,,
,Yipf5,,,,,
,Ykt6,,,,,
,Ypel4,,,,,
,Yrdc,,,,,
,Ythdf1,,,,,
,Ythdf3,,,,,
,Ywhae,,,,,
,Ywhaq,,,,,
,Zan,,,,,
,Zap70,,,,,
,Zbed3,,,,,
,Zbtb10,,,,,
,Zbtb16,,,,,
,Zbtb18,,,,,
,Zbtb2,,,,,
,Zbtb20,,,,,
,Zbtb21,,,,,
,Zbtb32,,,,,
,Zbtb43,,,,,
,Zbtb44,,,,,
,Zbtb45,,,,,
,Zc2hc1b,,,,,
,Zc3h11a,,,,,
,Zc3h12a,,,,,
,Zc3h12c,,,,,
,Zc3h15,,,,,
,Zc3hav1,,,,,
,Zcchc10,,,,,
,Zcchc13,,,,,
,Zcchc7,,,,,
,Zcchc9,,,,,
,Zcwpw2,,,,,
,Zdbf2,,,,,
,Zdhhc17,,,,,
,Zdhhc18,,,,,
,Zdhhc19,,,,,
,Zdhhc20,,,,,
,Zdhhc25,,,,,
,Zdhhc6,,,,,
,Zeb2,,,,,
,Zfand3,,,,,
,Zfc3h1,,,,,
,Zfhx2,,,,,
,Zfhx3,,,,,
,Zfp1,,,,,
,Zfp120,,,,,
,Zfp148,,,,,
,Zfp184,,,,,
,Zfp217,,,,,
,Zfp280b,,,,,
,Zfp281,,,,,
,Zfp287,,,,,
,Zfp3,,,,,
,Zfp326,,,,,
,Zfp341,,,,,
,Zfp365,,,,,
,Zfp36l2,,,,,
,Zfp385b,,,,,
,Zfp414,,,,,
,Zfp42,,,,,
,Zfp423,,,,,
,Zfp428,,,,,
,Zfp462,,,,,
,Zfp503,,,,,
,Zfp507,,,,,
,Zfp518a,,,,,
,Zfp518b,,,,,
,Zfp521,,,,,
,Zfp532,,,,,
,Zfp536,,,,,
,Zfp553,,,,,
,Zfp605,,,,,
,Zfp608,,,,,
,Zfp618,,,,,
,Zfp623,,,,,
,Zfp629,,,,,
,Zfp667,,,,,
,Zfp677,,,,,
,Zfp703,,,,,
,Zfp704,,,,,
,Zfp706,,,,,
,Zfp710,,,,,
,Zfp712,,,,,
,Zfp715,,,,,
,Zfp719,,,,,
,Zfp72,,,,,
,Zfp804a,,,,,
,Zfp809,,,,,
,Zfp810,,,,,
,Zfp827,,,,,
,Zfp867,,,,,
,Zfp869,,,,,
,Zfp871,,,,,
,Zfp90,,,,,
,Zfp936,,,,,
,Zfp957,,,,,
,Zfp963,,,,,
,Zfpm2,,,,,
,Zfyve1,,,,,
,Zhx2,,,,,
,Zic1,,,,,
,Zic2,,,,,
,Zic3,,,,,
,Zic4,,,,,
,Zkscan17,,,,,
,Zmat4,,,,,
,Zmiz1,,,,,
,Zmym2,,,,,
,Zmym5,,,,,
,Zmynd8,,,,,
,Znfx1,,,,,
,Znrf1,,,,,
,Znrf2,,,,,
,Znrf3,,,,,
,Zpbp,,,,,
,Zranb1,,,,,
,Zranb2,,,,,
,Zscan22,,,,,
,Zswim1,,,,,
,Zswim3,,,,,
,Zswim4,,,,,
,Zswim6,,,,,
,Zwint,,,,,
,Zyg11b,,,,,
